/***************************************************************************
* COPYRIGHT NOTICE
* Copyright 2019 Horizon Robotics, Inc.
* All rights reserved.
***************************************************************************/
#ifndef UTILITY_SENSOR_INC_SC132GSSTD_SETTING_H_
#define UTILITY_SENSOR_INC_SC132GSSTD_SETTING_H_

#ifdef __cplusplus
extern "C" {
#endif
#define TRIGGER
#define WIDTH 1088

// normal mode
const uint8_t 	tx0_init_txt_tunneling[] = 	{
	//Vec Configuration Tool  v1.9.0
	//clear lock flag
	0x52, 0x74, 0x08, 0x00, 0x27, 0xff, 0xff, 0x00, 0x04, 0x29, 0x8f,
	//set destination device ID & port ID (rx select channel 0)
	0x52, 0xc4, 0x08, 0x18, 0x04, 0x01, 0x00, 0x0f, 0x00, 0x00, 0x18, 0x1e, 0x00, 0x01, 0x02, 0xbb,
	//some power saving setting
	0x52, 0x58, 0x01, 0x08, 0x58, 0x04, 0x10, 0x00, 0xff, 0xff, 0x88, 0xc1, 0x05, 0x00, 0x20, 0x00, 0x3c, 0x88, 0x41, 0x06, 0x40, 0x03, 0xc0, 0x03, 0x37, 0x84,
	//GPIO clock setting
	0x52, 0xd8, 0x0b, 0x48, 0x40, 0x0e, 0xff, 0xff, 0x10, 0x00, 0x08, 0x80, 0x25, 0xff, 0xff, 0x01, 0x00, 0x08, 0x80, 0x04, 0x00, 0x00, 0x00, 0x01, 0x08, 0x80, 0x04, 0xff, 0xff, 0x00, 0x01, 0x88, 0x41, 0x08, 0xff, 0xff, 0x01, 0x00, 0x88, 0x01, 0x08, 0xff, 0xff, 0x01, 0x00, 0x88, 0xc1, 0x08, 0xff, 0xff, 0x00, 0x04, 0x88, 0x81, 0x08, 0xff, 0xff, 0x00, 0x04, 0x88, 0x01, 0x14, 0x00, 0x00, 0x01, 0x00, 0x80, 0x9d, 0x08, 0x00, 0x00, 0x80, 0x81, 0x06, 0x00, 0x12, 0x80, 0xc1, 0x06, 0x60, 0x67, 0x88, 0x01, 0x07, 0xff, 0xff, 0x08, 0x00, 0x88, 0x41, 0x05, 0x00, 0x00, 0x00, 0x80, 0x80, 0x01, 0x07, 0x18, 0x00, 0x80, 0x41, 0x07, 0xc0, 0x28, 0x88, 0x1d, 0x00, 0x00, 0x00, 0x00, 0x04, 0x88, 0x01, 0x07, 0x00, 0x00, 0x08, 0x00, 0x88, 0x41, 0x05, 0xff, 0xff, 0x00, 0x80, 0x88, 0x81, 0x08, 0x00, 0x00, 0x00, 0x04, 0x88, 0xc1, 0x08, 0x00, 0x00, 0x00, 0x04, 0x88, 0x01, 0x08, 0x00, 0x00, 0x01, 0x00, 0x88, 0x41, 0x08, 0x00, 0x00, 0x01, 0x00, 0x88, 0xc1, 0x06, 0x00, 0x00, 0x20, 0x00, 0x88, 0x01, 0x14, 0xff, 0xff, 0x01, 0x00, 0x80, 0x9d, 0x08, 0x43, 0x00, 0x80, 0x9d, 0x06, 0x00, 0x00, 0x08, 0x80, 0x25, 0x00, 0x00, 0x01, 0x00, 0x48, 0x40, 0x0e, 0x00, 0x00, 0x10, 0x00, 0x75, 0x9d,
	//GPIO framesync setting
	0x52, 0x58, 0x09, 0x88, 0x81, 0x08, 0x00, 0x00, 0x80, 0x00, 0x88, 0xc1, 0x08, 0x00, 0x00, 0x80, 0x00, 0x48, 0xd1, 0x3f, 0x00, 0x00, 0x03, 0x00, 0x00, 0xd1, 0x14, 0x00, 0x00, 0x00, 0xd1, 0x15, 0xf0, 0x0a, 0x08, 0x11, 0x16, 0xff, 0xff, 0x00, 0x80, 0x08, 0x11, 0x16, 0xff, 0xff, 0x08, 0x00, 0x08, 0x51, 0x17, 0xff, 0xff, 0x00, 0x10, 0x00, 0x11, 0x17, 0xff, 0xff, 0x08, 0x11, 0x00, 0xff, 0xff, 0x43, 0x00, 0x08, 0xc0, 0x3d, 0xff, 0xff, 0x00, 0x80, 0x00, 0x91, 0x10, 0x05, 0x00, 0x00, 0xd1, 0x11, 0x01, 0x00, 0x08, 0xd1, 0x12, 0xff, 0xff, 0x04, 0x00, 0x08, 0xd1, 0x12, 0xff, 0xff, 0x10, 0x00, 0x08, 0xd1, 0x12, 0xff, 0xff, 0x00, 0x20, 0x08, 0x51, 0x13, 0x10, 0x00, 0x30, 0x00, 0x08, 0x11, 0x00, 0xff, 0xff, 0x0b, 0x00, 0x00, 0x11, 0x17, 0x10, 0x27, 0x08, 0x11, 0x16, 0x00, 0x00, 0x00, 0x80, 0x48, 0xc0, 0x22, 0x07, 0x00, 0xff, 0x00, 0x48, 0xc0, 0x1c, 0x00, 0x66, 0x00, 0xff, 0x48, 0x00, 0x1b, 0xff, 0xff, 0x80, 0x00, 0x79, 0x41,
	//GPIO sensor reset setting
	0x52, 0xe0, 0x48, 0x40, 0x0d, 0xff, 0xff, 0x01, 0x00, 0x48, 0x40, 0x0e, 0x00, 0x00, 0x01, 0x00, 0xb1, 0x73,
	//I2C speed
	0x52, 0x68, 0x09, 0x88, 0x41, 0x06, 0x00, 0x00, 0x00, 0x20, 0x88, 0x41, 0x06, 0xff, 0xff, 0x00, 0x40, 0x0d, 0x0a, 0x00, 0x00, 0x00, 0x88, 0x41, 0x06, 0xff, 0xff, 0x00, 0x80, 0x0d, 0x0a, 0x00, 0x00, 0x00, 0x88, 0x41, 0x06, 0xff, 0xff, 0x00, 0x10, 0x08, 0x18, 0xc4, 0xff, 0xff, 0x0e, 0x00, 0x08, 0x18, 0xc4, 0x08, 0x00, 0x0e, 0x00, 0x08, 0x00, 0x26, 0xff, 0xff, 0x01, 0x00, 0x08, 0x58, 0x04, 0x10, 0x00, 0xff, 0xff, 0x08, 0x18, 0x40, 0xff, 0xff, 0x01, 0x00, 0x08, 0x18, 0xc9, 0xff, 0xff, 0x01, 0x00, 0x08, 0x98, 0xc9, 0xff, 0xff, 0x01, 0x00, 0x08, 0x58, 0xc9, 0xff, 0xff, 0x01, 0x00, 0x08, 0x58, 0xc4, 0xff, 0xff, 0x01, 0x00, 0x08, 0x18, 0x40, 0xff, 0xff, 0x01, 0x00, 0x08, 0x58, 0xc4, 0x00, 0x00, 0x04, 0x00, 0x08, 0x58, 0xc4, 0xff, 0xff, 0x08, 0x00, 0x08, 0x58, 0xc4, 0xff, 0xff, 0x02, 0x00, 0x08, 0x58, 0x44, 0xff, 0xff, 0x01, 0x00, 0x08, 0xd8, 0x44, 0x05, 0x00, 0x3f, 0x00, 0x08, 0xd8, 0x44, 0x00, 0x02, 0x00, 0x1f, 0xed, 0xf9,
	//set tx0 device ID
	0x52, 0xe0, 0x08, 0x58, 0x04, 0x10, 0x00, 0xff, 0xff, 0x08, 0x18, 0x01, 0x01, 0x00, 0x3f, 0x00, 0x74, 0x5c,
	//set destination device ID
	// deserial select TX0
	0x52, 0xc4, 0x08, 0x58, 0x1c, 0x00, 0x00, 0xe0, 0x00, 0x00, 0x18, 0x1e, 0x01, 0x01, 0x1b, 0x8c,
	//enable mipi pll
	0x52, 0x18, 0x08, 0x88, 0x01, 0x08, 0x00, 0x00, 0x00, 0x40, 0x88, 0x41, 0x08, 0x00, 0x00, 0x00, 0x40, 0x88, 0x81, 0x08, 0x00, 0x00, 0x04, 0x00, 0x88, 0xc1, 0x08, 0x00, 0x00, 0x04, 0x00, 0x08, 0x80, 0x04, 0x00, 0x00, 0x02, 0x00, 0x0d, 0x00, 0x00, 0x00, 0x00, 0x08, 0x80, 0x04, 0xff, 0xff, 0x02, 0x00, 0x88, 0xdf, 0x05, 0xff, 0xff, 0x01, 0x00, 0x80, 0x1f, 0x06, 0xc2, 0x02, 0x80, 0x5f, 0x06, 0x2e, 0x00, 0x80, 0x9f, 0x06, 0x44, 0x00, 0x80, 0xdf, 0x06, 0x00, 0x00, 0x80, 0x1f, 0x07, 0x00, 0x84, 0x80, 0x5f, 0x07, 0x14, 0x00, 0x88, 0xdf, 0x08, 0xff, 0xff, 0x01, 0x00, 0x88, 0xdf, 0x08, 0xff, 0xff, 0x02, 0x00, 0x0d, 0x0a, 0x00, 0x00, 0x00, 0x88, 0xdf, 0x08, 0x00, 0x00, 0x01, 0x00, 0x0d, 0x64, 0x00, 0x00, 0x00, 0x88, 0x5f, 0x08, 0x00, 0x00, 0x00, 0x0d, 0x88, 0x9f, 0x08, 0x00, 0x00, 0x00, 0x0d, 0x40, 0x44,
	//mipi digital general setting
	0x52, 0x18, 0x02, 0x08, 0x80, 0x04, 0x00, 0x00, 0x10, 0x00, 0x0d, 0x00, 0x00, 0x00, 0x00, 0x08, 0x80, 0x04, 0xff, 0xff, 0x10, 0x00, 0xc8, 0xdb, 0x3f, 0x00, 0x00, 0x07, 0x00, 0xc8, 0x1b, 0x00, 0xff, 0xff, 0x0f, 0x00, 0x12, 0x9b,
	//mipi digital video setting for 1 lane
	0x52, 0xd8, 0x0e, 0x08, 0x80, 0x04, 0x00, 0x00, 0x08, 0x00, 0x0d, 0x00, 0x00, 0x00, 0x00, 0x08, 0x80, 0x04, 0xff, 0xff, 0x08, 0x00, 0x48, 0xde, 0x3f, 0x00, 0x00, 0x07, 0x00, 0x48, 0x9e, 0x00, 0x00, 0x00, 0x00, 0x20, 0x48, 0x9e, 0x00, 0x00, 0x00, 0x03, 0x00, 0x48, 0x9e, 0x00, 0x00, 0x00, 0x04, 0x00, 0x48, 0x9e, 0x00, 0x00, 0x00, 0x08, 0x00, 0x48, 0x9e, 0x00, 0xff, 0xff, 0x10, 0x00, 0x48, 0x1e, 0x14, 0x00, 0x00, 0x00, 0x40, 0x48, 0x5e, 0x14, 0x00, 0x00, 0x00, 0x40, 0x48, 0x1e, 0x14, 0x00, 0x00, 0x1f, 0x00, 0x48, 0x1e, 0x14, 0x00, 0x00, 0x00, 0x3e, 0x48, 0x5e, 0x14, 0x01, 0x00, 0x1f, 0x00, 0x48, 0x5e, 0x14, 0x00, 0x02, 0x00, 0x3e, 0x48, 0x9e, 0x14, 0x02, 0x00, 0x1f, 0x00, 0x48, 0x9e, 0x14, 0x00, 0x04, 0x00, 0x3e, 0x48, 0xde, 0x14, 0x03, 0x00, 0x1f, 0x00, 0x48, 0xde, 0x14, 0x00, 0x06, 0x00, 0x3e, 0x48, 0x1e, 0x15, 0x04, 0x00, 0x1f, 0x00, 0x48, 0x1e, 0x15, 0x00, 0x08, 0x00, 0x3e, 0x48, 0x5e, 0x15, 0x05, 0x00, 0x1f, 0x00, 0x48, 0x5e, 0x15, 0x00, 0x0a, 0x00, 0x3e, 0x48, 0x9e, 0x15, 0x06, 0x00, 0x1f, 0x00, 0x48, 0x9e, 0x15, 0x00, 0x0c, 0x00, 0x3e, 0x48, 0xde, 0x15, 0x07, 0x00, 0x1f, 0x00, 0x48, 0xde, 0x15, 0x00, 0x0e, 0x00, 0x3e, 0x48, 0xde, 0x02, 0xff, 0xff, 0x10, 0x80, 0x48, 0x1e, 0x03, 0xff, 0xff, 0x10, 0x80, 0x48, 0x5e, 0x03, 0xff, 0xff, 0x80, 0x80, 0x48, 0x9e, 0x03, 0xff, 0xff, 0x80, 0x80, 0x48, 0x9e, 0x02, 0xff, 0xff, 0x11, 0x00, 0x40, 0x5e, 0x12, 0x4a, 0x04, 0x40, 0x9e, 0x12, 0x4a, 0x04, 0x40, 0x9e, 0x11, 0xff, 0x0f, 0xa2, 0x20,
	//disable mipi clock
	0x52, 0xa8, 0x01, 0x88, 0x9f, 0x08, 0xff, 0xff, 0x00, 0x0d, 0x88, 0x5f, 0x08, 0xff, 0xff, 0x00, 0x0d, 0x88, 0xdf, 0x08, 0x00, 0x00, 0x02, 0x00, 0x0d, 0x0a, 0x00, 0x00, 0x00, 0x65, 0x77,
	//mipi analog setting for 1 lane
	0x52, 0x08, 0x07, 0x80, 0x1f, 0x04, 0x70, 0x07, 0x80, 0x5f, 0x04, 0x04, 0x00, 0x80, 0x9f, 0x04, 0x00, 0x00, 0x80, 0x1f, 0x00, 0x70, 0x07, 0x80, 0x5f, 0x00, 0x04, 0x00, 0x80, 0x9f, 0x00, 0x00, 0x00, 0x80, 0xdf, 0x00, 0x03, 0x00, 0x80, 0x1f, 0x06, 0x00, 0x00, 0x80, 0x5f, 0x06, 0x00, 0x00, 0x80, 0x9f, 0x06, 0x05, 0x00, 0x80, 0xdf, 0x06, 0x00, 0x00, 0x80, 0x1f, 0x07, 0x3f, 0x00, 0x80, 0x5f, 0x07, 0x60, 0x00, 0x88, 0x1f, 0x05, 0xff, 0xff, 0x80, 0x0f, 0x80, 0x1f, 0x0a, 0x00, 0x00, 0x80, 0x5f, 0x0a, 0x01, 0x00, 0x80, 0x5f, 0x0c, 0x08, 0x08, 0x80, 0x9f, 0x0c, 0x08, 0x08, 0x80, 0xdf, 0x0c, 0x08, 0x08, 0x80, 0x1f, 0x0d, 0x08, 0x08, 0x80, 0x5f, 0x0d, 0x08, 0x08, 0x80, 0x1f, 0x0c, 0xff, 0x03, 0x06, 0xc8,
	//mipi digital csi phy setting for 1 lane
	0x52, 0x98, 0x0b, 0x08, 0x40, 0x04, 0x00, 0x00, 0x02, 0x00, 0x0d, 0x00, 0x00, 0x00, 0x00, 0x08, 0x40, 0x04, 0xff, 0xff, 0x02, 0x00, 0xc8, 0x1e, 0x00, 0xff, 0xff, 0x02, 0x00, 0xc8, 0xde, 0x3f, 0x00, 0x00, 0x01, 0x00, 0xc8, 0x1e, 0x04, 0xc0, 0x00, 0xff, 0xff, 0xc8, 0x5e, 0x04, 0x00, 0x00, 0xff, 0xff, 0xc8, 0x9e, 0x04, 0x32, 0x00, 0xff, 0x00, 0xc8, 0x9e, 0x04, 0x00, 0x28, 0x00, 0xff, 0xc8, 0xde, 0x04, 0x10, 0x00, 0xff, 0x00, 0xc8, 0xde, 0x04, 0x00, 0x08, 0x00, 0xff, 0xc8, 0x1e, 0x05, 0x01, 0x00, 0xff, 0x00, 0xc8, 0x1e, 0x05, 0x00, 0x01, 0x00, 0xff, 0xc8, 0x5e, 0x05, 0x02, 0x00, 0xff, 0x00, 0xc8, 0x1e, 0x06, 0xe0, 0x32, 0xff, 0xff, 0xc8, 0x5e, 0x06, 0x29, 0x00, 0xff, 0xff, 0xc8, 0x9e, 0x06, 0x46, 0x05, 0xff, 0xff, 0xc8, 0xde, 0x06, 0x00, 0x00, 0xff, 0xff, 0xc8, 0x1e, 0x07, 0x00, 0x00, 0x02, 0x00, 0xc8, 0x1e, 0x07, 0x00, 0x00, 0x80, 0x00, 0xc8, 0x9e, 0x00, 0x00, 0x00, 0xff, 0x00, 0xc8, 0x1e, 0x00, 0x00, 0x10, 0x00, 0xf0, 0xc8, 0xde, 0x00, 0xff, 0xff, 0x03, 0x00, 0xc8, 0xde, 0x00, 0x00, 0x00, 0x3c, 0x00, 0xc8, 0xde, 0x00, 0x00, 0x07, 0x00, 0x07, 0xc8, 0xde, 0x00, 0xff, 0xff, 0x40, 0x00, 0x0d, 0xe8, 0x03, 0x00, 0x00, 0x2b, 0x55,
	//mipi release reset for 1 lane
	0x52, 0x48, 0x04, 0x88, 0x5f, 0x08, 0x00, 0x00, 0x01, 0x00, 0x88, 0x9f, 0x08, 0x00, 0x00, 0x01, 0x00, 0x88, 0x5f, 0x08, 0x00, 0x00, 0x00, 0x0d, 0x88, 0x9f, 0x08, 0x00, 0x00, 0x00, 0x0d, 0x48, 0x1e, 0x00, 0xff, 0xff, 0x00, 0xf0, 0x48, 0x1e, 0x00, 0xff, 0xff, 0x10, 0x03, 0x48, 0x1e, 0x00, 0xff, 0xff, 0x0f, 0x00, 0xc8, 0x9e, 0x00, 0xff, 0xff, 0x00, 0x1f, 0x0d, 0x64, 0x00, 0x00, 0x00, 0xc8, 0x9e, 0x00, 0xff, 0xff, 0x00, 0x60, 0x07, 0x09,
	//GPIO Rx_ErrB setting
	0x52, 0x58, 0x10, 0x08, 0x11, 0x00, 0xff, 0xff, 0x10, 0x00, 0x08, 0x11, 0x25, 0x78, 0x00, 0xfe, 0x07, 0x08, 0x11, 0x25, 0xff, 0xff, 0x00, 0x08, 0x08, 0x51, 0x25, 0x08, 0x00, 0x0f, 0x00, 0x08, 0x51, 0x25, 0x80, 0x00, 0xf0, 0x00, 0x08, 0x51, 0x25, 0x00, 0x08, 0x00, 0x0f, 0x08, 0x51, 0x25, 0x00, 0x80, 0x00, 0xf0, 0x08, 0x91, 0x25, 0x08, 0x00, 0x0f, 0x00, 0x08, 0x91, 0x25, 0x80, 0x00, 0xf0, 0x00, 0x00, 0x91, 0x26, 0x05, 0x00, 0x00, 0xd1, 0x27, 0x01, 0x00, 0x08, 0xd1, 0x26, 0xff, 0xff, 0x00, 0x04, 0x08, 0xd1, 0x26, 0xff, 0xff, 0x00, 0x02, 0x08, 0x11, 0x25, 0xff, 0xff, 0x01, 0x00, 0x08, 0x11, 0x00, 0xff, 0xff, 0x03, 0x00, 0x00, 0x00, 0x28, 0x00, 0x00, 0x00, 0x40, 0x28, 0x00, 0x00, 0x00, 0x80, 0x28, 0x30, 0x03, 0x00, 0xc0, 0x28, 0x00, 0x00, 0x48, 0xde, 0x11, 0x00, 0x00, 0x00, 0x10, 0x48, 0xde, 0x11, 0x00, 0x00, 0x00, 0x20, 0x48, 0xde, 0x11, 0x00, 0x00, 0x00, 0x40, 0x48, 0xde, 0x11, 0x00, 0x00, 0x00, 0x80, 0x48, 0xde, 0x12, 0x00, 0x00, 0x00, 0x10, 0x48, 0xde, 0x12, 0x00, 0x00, 0x00, 0x20, 0x40, 0x5e, 0x1c, 0x30, 0x00, 0xc0, 0x1b, 0x01, 0x03, 0x00, 0x00, 0x00, 0x29, 0xff, 0xff, 0x00, 0x40, 0x29, 0xff, 0xff, 0x00, 0x80, 0x29, 0xff, 0xff, 0x00, 0xc0, 0x29, 0xff, 0xff, 0x00, 0x00, 0x27, 0xff, 0xff, 0x00, 0x80, 0x27, 0xff, 0xff, 0x00, 0x00, 0x29, 0xff, 0xff, 0x00, 0x40, 0x29, 0xff, 0xff, 0x00, 0x80, 0x29, 0xff, 0xff, 0x00, 0xc0, 0x29, 0xff, 0xff, 0x00, 0x00, 0x27, 0xff, 0xff, 0x00, 0x80, 0x27, 0xff, 0xff, 0x08, 0x80, 0x2b, 0x11, 0x00, 0x1f, 0x00, 0x48, 0x40, 0x21, 0x00, 0x09, 0x00, 0xff, 0x48, 0x00, 0x1d, 0x00, 0x59, 0x00, 0xff, 0x48, 0x00, 0x1b, 0xff, 0xff, 0x00, 0x02, 0xfb, 0xcc,
	//GPIO err setting
	0x52, 0x38, 0x07, 0x08, 0x11, 0x00, 0xff, 0xff, 0x10, 0x00, 0x08, 0x11, 0x25, 0x78, 0x00, 0xfe, 0x07, 0x08, 0x11, 0x25, 0xff, 0xff, 0x00, 0x08, 0x08, 0x51, 0x25, 0x08, 0x00, 0x0f, 0x00, 0x08, 0x51, 0x25, 0x80, 0x00, 0xf0, 0x00, 0x08, 0x51, 0x25, 0x00, 0x08, 0x00, 0x0f, 0x08, 0x51, 0x25, 0x00, 0x80, 0x00, 0xf0, 0x08, 0x91, 0x25, 0x08, 0x00, 0x0f, 0x00, 0x08, 0x91, 0x25, 0x80, 0x00, 0xf0, 0x00, 0x00, 0x91, 0x26, 0x05, 0x00, 0x00, 0xd1, 0x27, 0x01, 0x00, 0x08, 0xd1, 0x26, 0xff, 0xff, 0x00, 0x04, 0x08, 0xd1, 0x26, 0xff, 0xff, 0x00, 0x02, 0x08, 0x11, 0x25, 0xff, 0xff, 0x01, 0x00, 0x08, 0x11, 0x00, 0xff, 0xff, 0x03, 0x00, 0x48, 0x00, 0x21, 0x05, 0x00, 0xff, 0x00, 0x48, 0x80, 0x1a, 0xff, 0xff, 0x20, 0x00, 0xf3, 0x6e,
	//version setting
	0x52, 0x48, 0x01, 0xc0, 0x18, 0x10, 0x01, 0x00, 0xc0, 0x58, 0x10, 0x00, 0x01, 0xc0, 0x98, 0x10, 0x01, 0x00, 0xc0, 0xd8, 0x10, 0x00, 0x00, 0x8f, 0xba,
	//clear status
	0x52, 0xe0, 0x88, 0xda, 0x04, 0xff, 0xff, 0x02, 0x00, 0x88, 0x9a, 0x1c, 0xff, 0xff, 0x01, 0x00, 0x1b, 0x03,
};

// normal mode
const uint8_t 	tx1_init_txt_tunneling[] = 	{
	//Vec Configuration Tool  v1.9.0
	//clear lock flag
	0x52, 0x74, 0x08, 0x00, 0x27, 0xff, 0xff, 0x00, 0x08, 0xe3, 0xe3,
	//set destination device ID & port ID (rx select channel 1)
	0x52, 0xc4, 0x08, 0x18, 0x04, 0x02, 0x00, 0x0f, 0x00, 0x00, 0x18, 0x1e, 0x00, 0x01, 0xd4, 0xbc,
	//some power saving setting
	0x52, 0x58, 0x01, 0x08, 0x58, 0x04, 0x10, 0x00, 0xff, 0xff, 0x88, 0xc1, 0x05, 0x00, 0x20, 0x00, 0x3c, 0x88, 0x41, 0x06, 0x40, 0x03, 0xc0, 0x03, 0x37, 0x84,
	//GPIO clock setting
	0x52, 0xd8, 0x0b, 0x48, 0x40, 0x0e, 0xff, 0xff, 0x10, 0x00, 0x08, 0x80, 0x25, 0xff, 0xff, 0x01, 0x00, 0x08, 0x80, 0x04, 0x00, 0x00, 0x00, 0x01, 0x08, 0x80, 0x04, 0xff, 0xff, 0x00, 0x01, 0x88, 0x41, 0x08, 0xff, 0xff, 0x01, 0x00, 0x88, 0x01, 0x08, 0xff, 0xff, 0x01, 0x00, 0x88, 0xc1, 0x08, 0xff, 0xff, 0x00, 0x04, 0x88, 0x81, 0x08, 0xff, 0xff, 0x00, 0x04, 0x88, 0x01, 0x14, 0x00, 0x00, 0x01, 0x00, 0x80, 0x9d, 0x08, 0x00, 0x00, 0x80, 0x81, 0x06, 0x00, 0x12, 0x80, 0xc1, 0x06, 0x60, 0x67, 0x88, 0x01, 0x07, 0xff, 0xff, 0x08, 0x00, 0x88, 0x41, 0x05, 0x00, 0x00, 0x00, 0x80, 0x80, 0x01, 0x07, 0x18, 0x00, 0x80, 0x41, 0x07, 0xc0, 0x28, 0x88, 0x1d, 0x00, 0x00, 0x00, 0x00, 0x04, 0x88, 0x01, 0x07, 0x00, 0x00, 0x08, 0x00, 0x88, 0x41, 0x05, 0xff, 0xff, 0x00, 0x80, 0x88, 0x81, 0x08, 0x00, 0x00, 0x00, 0x04, 0x88, 0xc1, 0x08, 0x00, 0x00, 0x00, 0x04, 0x88, 0x01, 0x08, 0x00, 0x00, 0x01, 0x00, 0x88, 0x41, 0x08, 0x00, 0x00, 0x01, 0x00, 0x88, 0xc1, 0x06, 0x00, 0x00, 0x20, 0x00, 0x88, 0x01, 0x14, 0xff, 0xff, 0x01, 0x00, 0x80, 0x9d, 0x08, 0x43, 0x00, 0x80, 0x9d, 0x06, 0x00, 0x00, 0x08, 0x80, 0x25, 0x00, 0x00, 0x01, 0x00, 0x48, 0x40, 0x0e, 0x00, 0x00, 0x10, 0x00, 0x75, 0x9d,
	//GPIO framesync setting
	0x52, 0x58, 0x09, 0x88, 0x81, 0x08, 0x00, 0x00, 0x80, 0x00, 0x88, 0xc1, 0x08, 0x00, 0x00, 0x80, 0x00, 0x48, 0xd1, 0x3f, 0x00, 0x00, 0x03, 0x00, 0x00, 0xd1, 0x14, 0x00, 0x00, 0x00, 0xd1, 0x15, 0xf0, 0x0a, 0x08, 0x11, 0x16, 0xff, 0xff, 0x00, 0x80, 0x08, 0x11, 0x16, 0xff, 0xff, 0x08, 0x00, 0x08, 0x51, 0x17, 0xff, 0xff, 0x00, 0x10, 0x00, 0x11, 0x17, 0xff, 0xff, 0x08, 0x11, 0x00, 0xff, 0xff, 0x43, 0x00, 0x08, 0xc0, 0x3d, 0xff, 0xff, 0x00, 0x80, 0x00, 0x91, 0x10, 0x05, 0x00, 0x00, 0xd1, 0x11, 0x02, 0x00, 0x08, 0xd1, 0x12, 0xff, 0xff, 0x04, 0x00, 0x08, 0xd1, 0x12, 0xff, 0xff, 0x10, 0x00, 0x08, 0xd1, 0x12, 0xff, 0xff, 0x00, 0x20, 0x08, 0x51, 0x13, 0x10, 0x00, 0x30, 0x00, 0x08, 0x11, 0x00, 0xff, 0xff, 0x0b, 0x00, 0x00, 0x11, 0x17, 0x10, 0x27, 0x08, 0x11, 0x16, 0x00, 0x00, 0x00, 0x80, 0x48, 0xc0, 0x22, 0x07, 0x00, 0xff, 0x00, 0x48, 0xc0, 0x1c, 0x00, 0x66, 0x00, 0xff, 0x48, 0x00, 0x1b, 0xff, 0xff, 0x80, 0x00, 0xd9, 0x36,
	//GPIO sensor reset setting
	0x52, 0xe0, 0x48, 0x40, 0x0d, 0xff, 0xff, 0x01, 0x00, 0x48, 0x40, 0x0e, 0x00, 0x00, 0x01, 0x00, 0xb1, 0x73,
	//I2C speed
	0x52, 0x68, 0x09, 0x88, 0x41, 0x06, 0x00, 0x00, 0x00, 0x20, 0x88, 0x41, 0x06, 0xff, 0xff, 0x00, 0x40, 0x0d, 0x0a, 0x00, 0x00, 0x00, 0x88, 0x41, 0x06, 0xff, 0xff, 0x00, 0x80, 0x0d, 0x0a, 0x00, 0x00, 0x00, 0x88, 0x41, 0x06, 0xff, 0xff, 0x00, 0x10, 0x08, 0x18, 0xc4, 0xff, 0xff, 0x0e, 0x00, 0x08, 0x18, 0xc4, 0x08, 0x00, 0x0e, 0x00, 0x08, 0x00, 0x26, 0xff, 0xff, 0x01, 0x00, 0x08, 0x58, 0x04, 0x10, 0x00, 0xff, 0xff, 0x08, 0x18, 0x40, 0xff, 0xff, 0x01, 0x00, 0x08, 0x18, 0xc9, 0xff, 0xff, 0x01, 0x00, 0x08, 0x98, 0xc9, 0xff, 0xff, 0x01, 0x00, 0x08, 0x58, 0xc9, 0xff, 0xff, 0x01, 0x00, 0x08, 0x58, 0xc4, 0xff, 0xff, 0x01, 0x00, 0x08, 0x18, 0x40, 0xff, 0xff, 0x01, 0x00, 0x08, 0x58, 0xc4, 0x00, 0x00, 0x04, 0x00, 0x08, 0x58, 0xc4, 0xff, 0xff, 0x08, 0x00, 0x08, 0x58, 0xc4, 0xff, 0xff, 0x02, 0x00, 0x08, 0x58, 0x44, 0xff, 0xff, 0x01, 0x00, 0x08, 0xd8, 0x44, 0x05, 0x00, 0x3f, 0x00, 0x08, 0xd8, 0x44, 0x00, 0x02, 0x00, 0x1f, 0xed, 0xf9,
	//set tx1 device ID
	0x52, 0xe0, 0x08, 0x58, 0x04, 0x10, 0x00, 0xff, 0xff, 0x08, 0x18, 0x01, 0x02, 0x00, 0x3f, 0x00, 0x51, 0x91,
	//set destination device ID
	0x52, 0xc4, 0x08, 0x58, 0x1c, 0x00, 0x00, 0xe0, 0x00, 0x00, 0x18, 0x1e, 0x02, 0x01, 0x31, 0xe4,
	//enable mipi pll
	0x52, 0x18, 0x08, 0x88, 0x01, 0x08, 0x00, 0x00, 0x00, 0x40, 0x88, 0x41, 0x08, 0x00, 0x00, 0x00, 0x40, 0x88, 0x81, 0x08, 0x00, 0x00, 0x04, 0x00, 0x88, 0xc1, 0x08, 0x00, 0x00, 0x04, 0x00, 0x08, 0x80, 0x04, 0x00, 0x00, 0x02, 0x00, 0x0d, 0x00, 0x00, 0x00, 0x00, 0x08, 0x80, 0x04, 0xff, 0xff, 0x02, 0x00, 0x88, 0xdf, 0x05, 0xff, 0xff, 0x01, 0x00, 0x80, 0x1f, 0x06, 0xc2, 0x02, 0x80, 0x5f, 0x06, 0x2e, 0x00, 0x80, 0x9f, 0x06, 0x44, 0x00, 0x80, 0xdf, 0x06, 0x00, 0x00, 0x80, 0x1f, 0x07, 0x00, 0x84, 0x80, 0x5f, 0x07, 0x14, 0x00, 0x88, 0xdf, 0x08, 0xff, 0xff, 0x01, 0x00, 0x88, 0xdf, 0x08, 0xff, 0xff, 0x02, 0x00, 0x0d, 0x0a, 0x00, 0x00, 0x00, 0x88, 0xdf, 0x08, 0x00, 0x00, 0x01, 0x00, 0x0d, 0x64, 0x00, 0x00, 0x00, 0x88, 0x5f, 0x08, 0x00, 0x00, 0x00, 0x0d, 0x88, 0x9f, 0x08, 0x00, 0x00, 0x00, 0x0d, 0x40, 0x44,
	//mipi digital general setting
	0x52, 0x18, 0x02, 0x08, 0x80, 0x04, 0x00, 0x00, 0x10, 0x00, 0x0d, 0x00, 0x00, 0x00, 0x00, 0x08, 0x80, 0x04, 0xff, 0xff, 0x10, 0x00, 0xc8, 0xdb, 0x3f, 0x00, 0x00, 0x07, 0x00, 0xc8, 0x1b, 0x00, 0xff, 0xff, 0x0f, 0x00, 0x12, 0x9b,
	//mipi digital video setting for 1 lane
	0x52, 0xd8, 0x0e, 0x08, 0x80, 0x04, 0x00, 0x00, 0x08, 0x00, 0x0d, 0x00, 0x00, 0x00, 0x00, 0x08, 0x80, 0x04, 0xff, 0xff, 0x08, 0x00, 0x48, 0xde, 0x3f, 0x00, 0x00, 0x07, 0x00, 0x48, 0x9e, 0x00, 0x00, 0x00, 0x00, 0x20, 0x48, 0x9e, 0x00, 0x00, 0x00, 0x03, 0x00, 0x48, 0x9e, 0x00, 0x00, 0x00, 0x04, 0x00, 0x48, 0x9e, 0x00, 0x00, 0x00, 0x08, 0x00, 0x48, 0x9e, 0x00, 0xff, 0xff, 0x10, 0x00, 0x48, 0x1e, 0x14, 0x00, 0x00, 0x00, 0x40, 0x48, 0x5e, 0x14, 0x00, 0x00, 0x00, 0x40, 0x48, 0x1e, 0x14, 0x00, 0x00, 0x1f, 0x00, 0x48, 0x1e, 0x14, 0x00, 0x00, 0x00, 0x3e, 0x48, 0x5e, 0x14, 0x01, 0x00, 0x1f, 0x00, 0x48, 0x5e, 0x14, 0x00, 0x02, 0x00, 0x3e, 0x48, 0x9e, 0x14, 0x02, 0x00, 0x1f, 0x00, 0x48, 0x9e, 0x14, 0x00, 0x04, 0x00, 0x3e, 0x48, 0xde, 0x14, 0x03, 0x00, 0x1f, 0x00, 0x48, 0xde, 0x14, 0x00, 0x06, 0x00, 0x3e, 0x48, 0x1e, 0x15, 0x04, 0x00, 0x1f, 0x00, 0x48, 0x1e, 0x15, 0x00, 0x08, 0x00, 0x3e, 0x48, 0x5e, 0x15, 0x05, 0x00, 0x1f, 0x00, 0x48, 0x5e, 0x15, 0x00, 0x0a, 0x00, 0x3e, 0x48, 0x9e, 0x15, 0x06, 0x00, 0x1f, 0x00, 0x48, 0x9e, 0x15, 0x00, 0x0c, 0x00, 0x3e, 0x48, 0xde, 0x15, 0x07, 0x00, 0x1f, 0x00, 0x48, 0xde, 0x15, 0x00, 0x0e, 0x00, 0x3e, 0x48, 0xde, 0x02, 0xff, 0xff, 0x10, 0x80, 0x48, 0x1e, 0x03, 0xff, 0xff, 0x10, 0x80, 0x48, 0x5e, 0x03, 0xff, 0xff, 0x80, 0x80, 0x48, 0x9e, 0x03, 0xff, 0xff, 0x80, 0x80, 0x48, 0x9e, 0x02, 0xff, 0xff, 0x11, 0x00, 0x40, 0x5e, 0x12, 0x4a, 0x04, 0x40, 0x9e, 0x12, 0x4a, 0x04, 0x40, 0x9e, 0x11, 0xff, 0x0f, 0xa2, 0x20,
	//disable mipi clock
	0x52, 0xa8, 0x01, 0x88, 0x9f, 0x08, 0xff, 0xff, 0x00, 0x0d, 0x88, 0x5f, 0x08, 0xff, 0xff, 0x00, 0x0d, 0x88, 0xdf, 0x08, 0x00, 0x00, 0x02, 0x00, 0x0d, 0x0a, 0x00, 0x00, 0x00, 0x65, 0x77,
	//mipi analog setting for 1 lane
	0x52, 0x08, 0x07, 0x80, 0x1f, 0x04, 0x70, 0x07, 0x80, 0x5f, 0x04, 0x04, 0x00, 0x80, 0x9f, 0x04, 0x00, 0x00, 0x80, 0x1f, 0x00, 0x70, 0x07, 0x80, 0x5f, 0x00, 0x04, 0x00, 0x80, 0x9f, 0x00, 0x00, 0x00, 0x80, 0xdf, 0x00, 0x03, 0x00, 0x80, 0x1f, 0x06, 0x00, 0x00, 0x80, 0x5f, 0x06, 0x00, 0x00, 0x80, 0x9f, 0x06, 0x05, 0x00, 0x80, 0xdf, 0x06, 0x00, 0x00, 0x80, 0x1f, 0x07, 0x3f, 0x00, 0x80, 0x5f, 0x07, 0x60, 0x00, 0x88, 0x1f, 0x05, 0xff, 0xff, 0x80, 0x0f, 0x80, 0x1f, 0x0a, 0x00, 0x00, 0x80, 0x5f, 0x0a, 0x01, 0x00, 0x80, 0x5f, 0x0c, 0x08, 0x08, 0x80, 0x9f, 0x0c, 0x08, 0x08, 0x80, 0xdf, 0x0c, 0x08, 0x08, 0x80, 0x1f, 0x0d, 0x08, 0x08, 0x80, 0x5f, 0x0d, 0x08, 0x08, 0x80, 0x1f, 0x0c, 0xff, 0x03, 0x06, 0xc8,
	//mipi digital csi phy setting for 1 lane
	0x52, 0x98, 0x0b, 0x08, 0x40, 0x04, 0x00, 0x00, 0x02, 0x00, 0x0d, 0x00, 0x00, 0x00, 0x00, 0x08, 0x40, 0x04, 0xff, 0xff, 0x02, 0x00, 0xc8, 0x1e, 0x00, 0xff, 0xff, 0x02, 0x00, 0xc8, 0xde, 0x3f, 0x00, 0x00, 0x01, 0x00, 0xc8, 0x1e, 0x04, 0xc0, 0x00, 0xff, 0xff, 0xc8, 0x5e, 0x04, 0x00, 0x00, 0xff, 0xff, 0xc8, 0x9e, 0x04, 0x32, 0x00, 0xff, 0x00, 0xc8, 0x9e, 0x04, 0x00, 0x28, 0x00, 0xff, 0xc8, 0xde, 0x04, 0x10, 0x00, 0xff, 0x00, 0xc8, 0xde, 0x04, 0x00, 0x08, 0x00, 0xff, 0xc8, 0x1e, 0x05, 0x01, 0x00, 0xff, 0x00, 0xc8, 0x1e, 0x05, 0x00, 0x01, 0x00, 0xff, 0xc8, 0x5e, 0x05, 0x02, 0x00, 0xff, 0x00, 0xc8, 0x1e, 0x06, 0xe0, 0x32, 0xff, 0xff, 0xc8, 0x5e, 0x06, 0x29, 0x00, 0xff, 0xff, 0xc8, 0x9e, 0x06, 0x46, 0x05, 0xff, 0xff, 0xc8, 0xde, 0x06, 0x00, 0x00, 0xff, 0xff, 0xc8, 0x1e, 0x07, 0x00, 0x00, 0x02, 0x00, 0xc8, 0x1e, 0x07, 0x00, 0x00, 0x80, 0x00, 0xc8, 0x9e, 0x00, 0x00, 0x00, 0xff, 0x00, 0xc8, 0x1e, 0x00, 0x00, 0x10, 0x00, 0xf0, 0xc8, 0xde, 0x00, 0xff, 0xff, 0x03, 0x00, 0xc8, 0xde, 0x00, 0x00, 0x00, 0x3c, 0x00, 0xc8, 0xde, 0x00, 0x00, 0x07, 0x00, 0x07, 0xc8, 0xde, 0x00, 0xff, 0xff, 0x40, 0x00, 0x0d, 0xe8, 0x03, 0x00, 0x00, 0x2b, 0x55,
	//mipi release reset for 1 lane
	0x52, 0x48, 0x04, 0x88, 0x5f, 0x08, 0x00, 0x00, 0x01, 0x00, 0x88, 0x9f, 0x08, 0x00, 0x00, 0x01, 0x00, 0x88, 0x5f, 0x08, 0x00, 0x00, 0x00, 0x0d, 0x88, 0x9f, 0x08, 0x00, 0x00, 0x00, 0x0d, 0x48, 0x1e, 0x00, 0xff, 0xff, 0x00, 0xf0, 0x48, 0x1e, 0x00, 0xff, 0xff, 0x10, 0x03, 0x48, 0x1e, 0x00, 0xff, 0xff, 0x0f, 0x00, 0xc8, 0x9e, 0x00, 0xff, 0xff, 0x00, 0x1f, 0x0d, 0x64, 0x00, 0x00, 0x00, 0xc8, 0x9e, 0x00, 0xff, 0xff, 0x00, 0x60, 0x07, 0x09,
	//GPIO Rx_ErrB setting
	0x52, 0x58, 0x10, 0x08, 0x11, 0x00, 0xff, 0xff, 0x10, 0x00, 0x08, 0x11, 0x25, 0x78, 0x00, 0xfe, 0x07, 0x08, 0x11, 0x25, 0xff, 0xff, 0x00, 0x08, 0x08, 0x51, 0x25, 0x08, 0x00, 0x0f, 0x00, 0x08, 0x51, 0x25, 0x80, 0x00, 0xf0, 0x00, 0x08, 0x51, 0x25, 0x00, 0x08, 0x00, 0x0f, 0x08, 0x51, 0x25, 0x00, 0x80, 0x00, 0xf0, 0x08, 0x91, 0x25, 0x08, 0x00, 0x0f, 0x00, 0x08, 0x91, 0x25, 0x80, 0x00, 0xf0, 0x00, 0x00, 0x91, 0x26, 0x05, 0x00, 0x00, 0xd1, 0x27, 0x02, 0x00, 0x08, 0xd1, 0x26, 0xff, 0xff, 0x00, 0x04, 0x08, 0xd1, 0x26, 0xff, 0xff, 0x00, 0x02, 0x08, 0x11, 0x25, 0xff, 0xff, 0x01, 0x00, 0x08, 0x11, 0x00, 0xff, 0xff, 0x03, 0x00, 0x00, 0x00, 0x28, 0x00, 0x00, 0x00, 0x40, 0x28, 0x00, 0x00, 0x00, 0x80, 0x28, 0x30, 0x03, 0x00, 0xc0, 0x28, 0x00, 0x00, 0x48, 0xde, 0x11, 0x00, 0x00, 0x00, 0x10, 0x48, 0xde, 0x11, 0x00, 0x00, 0x00, 0x20, 0x48, 0xde, 0x11, 0x00, 0x00, 0x00, 0x40, 0x48, 0xde, 0x11, 0x00, 0x00, 0x00, 0x80, 0x48, 0xde, 0x12, 0x00, 0x00, 0x00, 0x10, 0x48, 0xde, 0x12, 0x00, 0x00, 0x00, 0x20, 0x40, 0x5e, 0x1c, 0x30, 0x00, 0xc0, 0x1b, 0x01, 0x03, 0x00, 0x00, 0x00, 0x29, 0xff, 0xff, 0x00, 0x40, 0x29, 0xff, 0xff, 0x00, 0x80, 0x29, 0xff, 0xff, 0x00, 0xc0, 0x29, 0xff, 0xff, 0x00, 0x00, 0x27, 0xff, 0xff, 0x00, 0x80, 0x27, 0xff, 0xff, 0x00, 0x00, 0x29, 0xff, 0xff, 0x00, 0x40, 0x29, 0xff, 0xff, 0x00, 0x80, 0x29, 0xff, 0xff, 0x00, 0xc0, 0x29, 0xff, 0xff, 0x00, 0x00, 0x27, 0xff, 0xff, 0x00, 0x80, 0x27, 0xff, 0xff, 0x08, 0x80, 0x2b, 0x11, 0x00, 0x1f, 0x00, 0x48, 0x40, 0x21, 0x00, 0x09, 0x00, 0xff, 0x48, 0x00, 0x1d, 0x00, 0x59, 0x00, 0xff, 0x48, 0x00, 0x1b, 0xff, 0xff, 0x00, 0x02, 0x2d, 0x94,
	//GPIO err setting
	0x52, 0x38, 0x07, 0x08, 0x11, 0x00, 0xff, 0xff, 0x10, 0x00, 0x08, 0x11, 0x25, 0x78, 0x00, 0xfe, 0x07, 0x08, 0x11, 0x25, 0xff, 0xff, 0x00, 0x08, 0x08, 0x51, 0x25, 0x08, 0x00, 0x0f, 0x00, 0x08, 0x51, 0x25, 0x80, 0x00, 0xf0, 0x00, 0x08, 0x51, 0x25, 0x00, 0x08, 0x00, 0x0f, 0x08, 0x51, 0x25, 0x00, 0x80, 0x00, 0xf0, 0x08, 0x91, 0x25, 0x08, 0x00, 0x0f, 0x00, 0x08, 0x91, 0x25, 0x80, 0x00, 0xf0, 0x00, 0x00, 0x91, 0x26, 0x05, 0x00, 0x00, 0xd1, 0x27, 0x02, 0x00, 0x08, 0xd1, 0x26, 0xff, 0xff, 0x00, 0x04, 0x08, 0xd1, 0x26, 0xff, 0xff, 0x00, 0x02, 0x08, 0x11, 0x25, 0xff, 0xff, 0x01, 0x00, 0x08, 0x11, 0x00, 0xff, 0xff, 0x03, 0x00, 0x48, 0x00, 0x21, 0x05, 0x00, 0xff, 0x00, 0x48, 0x80, 0x1a, 0xff, 0xff, 0x20, 0x00, 0x7b, 0xb6,
	//version setting
	0x52, 0x48, 0x01, 0xc0, 0x18, 0x10, 0x01, 0x00, 0xc0, 0x58, 0x10, 0x00, 0x01, 0xc0, 0x98, 0x10, 0x01, 0x00, 0xc0, 0xd8, 0x10, 0x00, 0x00, 0x8f, 0xba,
	//clear status
	0x52, 0xe0, 0x88, 0xda, 0x04, 0xff, 0xff, 0x02, 0x00, 0x88, 0x9a, 0x1c, 0xff, 0xff, 0x01, 0x00, 0x1b, 0x03,
};

// normal mode
const uint8_t 	tx2_init_txt_tunneling[] = 	{
	//Vec Configuration Tool  v1.9.0
	//clear lock flag
	0x52, 0x74, 0x08, 0x00, 0x27, 0xff, 0xff, 0x00, 0x10, 0x7f, 0x2a,
	//set destination device ID & port ID (rx select channel 2)
	0x52, 0xc4, 0x08, 0x18, 0x04, 0x03, 0x00, 0x0f, 0x00, 0x00, 0x18, 0x1e, 0x00, 0x01, 0x99, 0x41,
	//some power saving setting
	0x52, 0x58, 0x01, 0x08, 0x58, 0x04, 0x10, 0x00, 0xff, 0xff, 0x88, 0xc1, 0x05, 0x00, 0x20, 0x00, 0x3c, 0x88, 0x41, 0x06, 0x40, 0x03, 0xc0, 0x03, 0x37, 0x84,
	//GPIO clock setting
	0x52, 0xd8, 0x0b, 0x48, 0x40, 0x0e, 0xff, 0xff, 0x10, 0x00, 0x08, 0x80, 0x25, 0xff, 0xff, 0x01, 0x00, 0x08, 0x80, 0x04, 0x00, 0x00, 0x00, 0x01, 0x08, 0x80, 0x04, 0xff, 0xff, 0x00, 0x01, 0x88, 0x41, 0x08, 0xff, 0xff, 0x01, 0x00, 0x88, 0x01, 0x08, 0xff, 0xff, 0x01, 0x00, 0x88, 0xc1, 0x08, 0xff, 0xff, 0x00, 0x04, 0x88, 0x81, 0x08, 0xff, 0xff, 0x00, 0x04, 0x88, 0x01, 0x14, 0x00, 0x00, 0x01, 0x00, 0x80, 0x9d, 0x08, 0x00, 0x00, 0x80, 0x81, 0x06, 0x00, 0x12, 0x80, 0xc1, 0x06, 0x60, 0x67, 0x88, 0x01, 0x07, 0xff, 0xff, 0x08, 0x00, 0x88, 0x41, 0x05, 0x00, 0x00, 0x00, 0x80, 0x80, 0x01, 0x07, 0x18, 0x00, 0x80, 0x41, 0x07, 0xc0, 0x28, 0x88, 0x1d, 0x00, 0x00, 0x00, 0x00, 0x04, 0x88, 0x01, 0x07, 0x00, 0x00, 0x08, 0x00, 0x88, 0x41, 0x05, 0xff, 0xff, 0x00, 0x80, 0x88, 0x81, 0x08, 0x00, 0x00, 0x00, 0x04, 0x88, 0xc1, 0x08, 0x00, 0x00, 0x00, 0x04, 0x88, 0x01, 0x08, 0x00, 0x00, 0x01, 0x00, 0x88, 0x41, 0x08, 0x00, 0x00, 0x01, 0x00, 0x88, 0xc1, 0x06, 0x00, 0x00, 0x20, 0x00, 0x88, 0x01, 0x14, 0xff, 0xff, 0x01, 0x00, 0x80, 0x9d, 0x08, 0x43, 0x00, 0x80, 0x9d, 0x06, 0x00, 0x00, 0x08, 0x80, 0x25, 0x00, 0x00, 0x01, 0x00, 0x48, 0x40, 0x0e, 0x00, 0x00, 0x10, 0x00, 0x75, 0x9d,
	//GPIO framesync setting
	0x52, 0x58, 0x09, 0x88, 0x81, 0x08, 0x00, 0x00, 0x80, 0x00, 0x88, 0xc1, 0x08, 0x00, 0x00, 0x80, 0x00, 0x48, 0xd1, 0x3f, 0x00, 0x00, 0x03, 0x00, 0x00, 0xd1, 0x14, 0x00, 0x00, 0x00, 0xd1, 0x15, 0xf0, 0x0a, 0x08, 0x11, 0x16, 0xff, 0xff, 0x00, 0x80, 0x08, 0x11, 0x16, 0xff, 0xff, 0x08, 0x00, 0x08, 0x51, 0x17, 0xff, 0xff, 0x00, 0x10, 0x00, 0x11, 0x17, 0xff, 0xff, 0x08, 0x11, 0x00, 0xff, 0xff, 0x43, 0x00, 0x08, 0xc0, 0x3d, 0xff, 0xff, 0x00, 0x80, 0x00, 0x91, 0x10, 0x05, 0x00, 0x00, 0xd1, 0x11, 0x03, 0x00, 0x08, 0xd1, 0x12, 0xff, 0xff, 0x04, 0x00, 0x08, 0xd1, 0x12, 0xff, 0xff, 0x10, 0x00, 0x08, 0xd1, 0x12, 0xff, 0xff, 0x00, 0x20, 0x08, 0x51, 0x13, 0x10, 0x00, 0x30, 0x00, 0x08, 0x11, 0x00, 0xff, 0xff, 0x0b, 0x00, 0x00, 0x11, 0x17, 0x10, 0x27, 0x08, 0x11, 0x16, 0x00, 0x00, 0x00, 0x80, 0x48, 0xc0, 0x22, 0x07, 0x00, 0xff, 0x00, 0x48, 0xc0, 0x1c, 0x00, 0x66, 0x00, 0xff, 0x48, 0x00, 0x1b, 0xff, 0xff, 0x80, 0x00, 0x41, 0x14,
	//GPIO sensor reset setting
	0x52, 0xe0, 0x48, 0x40, 0x0d, 0xff, 0xff, 0x01, 0x00, 0x48, 0x40, 0x0e, 0x00, 0x00, 0x01, 0x00, 0xb1, 0x73,
	//I2C speed
	0x52, 0x68, 0x09, 0x88, 0x41, 0x06, 0x00, 0x00, 0x00, 0x20, 0x88, 0x41, 0x06, 0xff, 0xff, 0x00, 0x40, 0x0d, 0x0a, 0x00, 0x00, 0x00, 0x88, 0x41, 0x06, 0xff, 0xff, 0x00, 0x80, 0x0d, 0x0a, 0x00, 0x00, 0x00, 0x88, 0x41, 0x06, 0xff, 0xff, 0x00, 0x10, 0x08, 0x18, 0xc4, 0xff, 0xff, 0x0e, 0x00, 0x08, 0x18, 0xc4, 0x08, 0x00, 0x0e, 0x00, 0x08, 0x00, 0x26, 0xff, 0xff, 0x01, 0x00, 0x08, 0x58, 0x04, 0x10, 0x00, 0xff, 0xff, 0x08, 0x18, 0x40, 0xff, 0xff, 0x01, 0x00, 0x08, 0x18, 0xc9, 0xff, 0xff, 0x01, 0x00, 0x08, 0x98, 0xc9, 0xff, 0xff, 0x01, 0x00, 0x08, 0x58, 0xc9, 0xff, 0xff, 0x01, 0x00, 0x08, 0x58, 0xc4, 0xff, 0xff, 0x01, 0x00, 0x08, 0x18, 0x40, 0xff, 0xff, 0x01, 0x00, 0x08, 0x58, 0xc4, 0x00, 0x00, 0x04, 0x00, 0x08, 0x58, 0xc4, 0xff, 0xff, 0x08, 0x00, 0x08, 0x58, 0xc4, 0xff, 0xff, 0x02, 0x00, 0x08, 0x58, 0x44, 0xff, 0xff, 0x01, 0x00, 0x08, 0xd8, 0x44, 0x05, 0x00, 0x3f, 0x00, 0x08, 0xd8, 0x44, 0x00, 0x02, 0x00, 0x1f, 0xed, 0xf9,
	//set tx2 device ID
	0x52, 0xe0, 0x08, 0x58, 0x04, 0x10, 0x00, 0xff, 0xff, 0x08, 0x18, 0x01, 0x03, 0x00, 0x3f, 0x00, 0x4d, 0x2a,
	//set destination device ID
	0x52, 0xc4, 0x08, 0x58, 0x1c, 0x00, 0x00, 0xe0, 0x00, 0x00, 0x18, 0x1e, 0x03, 0x01, 0x28, 0x3c,
	//enable mipi pll
	0x52, 0x18, 0x08, 0x88, 0x01, 0x08, 0x00, 0x00, 0x00, 0x40, 0x88, 0x41, 0x08, 0x00, 0x00, 0x00, 0x40, 0x88, 0x81, 0x08, 0x00, 0x00, 0x04, 0x00, 0x88, 0xc1, 0x08, 0x00, 0x00, 0x04, 0x00, 0x08, 0x80, 0x04, 0x00, 0x00, 0x02, 0x00, 0x0d, 0x00, 0x00, 0x00, 0x00, 0x08, 0x80, 0x04, 0xff, 0xff, 0x02, 0x00, 0x88, 0xdf, 0x05, 0xff, 0xff, 0x01, 0x00, 0x80, 0x1f, 0x06, 0xc2, 0x02, 0x80, 0x5f, 0x06, 0x2e, 0x00, 0x80, 0x9f, 0x06, 0x44, 0x00, 0x80, 0xdf, 0x06, 0x00, 0x00, 0x80, 0x1f, 0x07, 0x00, 0x84, 0x80, 0x5f, 0x07, 0x14, 0x00, 0x88, 0xdf, 0x08, 0xff, 0xff, 0x01, 0x00, 0x88, 0xdf, 0x08, 0xff, 0xff, 0x02, 0x00, 0x0d, 0x0a, 0x00, 0x00, 0x00, 0x88, 0xdf, 0x08, 0x00, 0x00, 0x01, 0x00, 0x0d, 0x64, 0x00, 0x00, 0x00, 0x88, 0x5f, 0x08, 0x00, 0x00, 0x00, 0x0d, 0x88, 0x9f, 0x08, 0x00, 0x00, 0x00, 0x0d, 0x40, 0x44,
	//mipi digital general setting
	0x52, 0x18, 0x02, 0x08, 0x80, 0x04, 0x00, 0x00, 0x10, 0x00, 0x0d, 0x00, 0x00, 0x00, 0x00, 0x08, 0x80, 0x04, 0xff, 0xff, 0x10, 0x00, 0xc8, 0xdb, 0x3f, 0x00, 0x00, 0x07, 0x00, 0xc8, 0x1b, 0x00, 0xff, 0xff, 0x0f, 0x00, 0x12, 0x9b,
	//mipi digital video setting for 1 lane
	0x52, 0xd8, 0x0e, 0x08, 0x80, 0x04, 0x00, 0x00, 0x08, 0x00, 0x0d, 0x00, 0x00, 0x00, 0x00, 0x08, 0x80, 0x04, 0xff, 0xff, 0x08, 0x00, 0x48, 0xde, 0x3f, 0x00, 0x00, 0x07, 0x00, 0x48, 0x9e, 0x00, 0x00, 0x00, 0x00, 0x20, 0x48, 0x9e, 0x00, 0x00, 0x00, 0x03, 0x00, 0x48, 0x9e, 0x00, 0x00, 0x00, 0x04, 0x00, 0x48, 0x9e, 0x00, 0x00, 0x00, 0x08, 0x00, 0x48, 0x9e, 0x00, 0xff, 0xff, 0x10, 0x00, 0x48, 0x1e, 0x14, 0x00, 0x00, 0x00, 0x40, 0x48, 0x5e, 0x14, 0x00, 0x00, 0x00, 0x40, 0x48, 0x1e, 0x14, 0x00, 0x00, 0x1f, 0x00, 0x48, 0x1e, 0x14, 0x00, 0x00, 0x00, 0x3e, 0x48, 0x5e, 0x14, 0x01, 0x00, 0x1f, 0x00, 0x48, 0x5e, 0x14, 0x00, 0x02, 0x00, 0x3e, 0x48, 0x9e, 0x14, 0x02, 0x00, 0x1f, 0x00, 0x48, 0x9e, 0x14, 0x00, 0x04, 0x00, 0x3e, 0x48, 0xde, 0x14, 0x03, 0x00, 0x1f, 0x00, 0x48, 0xde, 0x14, 0x00, 0x06, 0x00, 0x3e, 0x48, 0x1e, 0x15, 0x04, 0x00, 0x1f, 0x00, 0x48, 0x1e, 0x15, 0x00, 0x08, 0x00, 0x3e, 0x48, 0x5e, 0x15, 0x05, 0x00, 0x1f, 0x00, 0x48, 0x5e, 0x15, 0x00, 0x0a, 0x00, 0x3e, 0x48, 0x9e, 0x15, 0x06, 0x00, 0x1f, 0x00, 0x48, 0x9e, 0x15, 0x00, 0x0c, 0x00, 0x3e, 0x48, 0xde, 0x15, 0x07, 0x00, 0x1f, 0x00, 0x48, 0xde, 0x15, 0x00, 0x0e, 0x00, 0x3e, 0x48, 0xde, 0x02, 0xff, 0xff, 0x10, 0x80, 0x48, 0x1e, 0x03, 0xff, 0xff, 0x10, 0x80, 0x48, 0x5e, 0x03, 0xff, 0xff, 0x80, 0x80, 0x48, 0x9e, 0x03, 0xff, 0xff, 0x80, 0x80, 0x48, 0x9e, 0x02, 0xff, 0xff, 0x11, 0x00, 0x40, 0x5e, 0x12, 0x4a, 0x04, 0x40, 0x9e, 0x12, 0x4a, 0x04, 0x40, 0x9e, 0x11, 0xff, 0x0f, 0xa2, 0x20,
	//disable mipi clock
	0x52, 0xa8, 0x01, 0x88, 0x9f, 0x08, 0xff, 0xff, 0x00, 0x0d, 0x88, 0x5f, 0x08, 0xff, 0xff, 0x00, 0x0d, 0x88, 0xdf, 0x08, 0x00, 0x00, 0x02, 0x00, 0x0d, 0x0a, 0x00, 0x00, 0x00, 0x65, 0x77,
	//mipi analog setting for 1 lane
	0x52, 0x08, 0x07, 0x80, 0x1f, 0x04, 0x70, 0x07, 0x80, 0x5f, 0x04, 0x04, 0x00, 0x80, 0x9f, 0x04, 0x00, 0x00, 0x80, 0x1f, 0x00, 0x70, 0x07, 0x80, 0x5f, 0x00, 0x04, 0x00, 0x80, 0x9f, 0x00, 0x00, 0x00, 0x80, 0xdf, 0x00, 0x03, 0x00, 0x80, 0x1f, 0x06, 0x00, 0x00, 0x80, 0x5f, 0x06, 0x00, 0x00, 0x80, 0x9f, 0x06, 0x05, 0x00, 0x80, 0xdf, 0x06, 0x00, 0x00, 0x80, 0x1f, 0x07, 0x3f, 0x00, 0x80, 0x5f, 0x07, 0x60, 0x00, 0x88, 0x1f, 0x05, 0xff, 0xff, 0x80, 0x0f, 0x80, 0x1f, 0x0a, 0x00, 0x00, 0x80, 0x5f, 0x0a, 0x01, 0x00, 0x80, 0x5f, 0x0c, 0x08, 0x08, 0x80, 0x9f, 0x0c, 0x08, 0x08, 0x80, 0xdf, 0x0c, 0x08, 0x08, 0x80, 0x1f, 0x0d, 0x08, 0x08, 0x80, 0x5f, 0x0d, 0x08, 0x08, 0x80, 0x1f, 0x0c, 0xff, 0x03, 0x06, 0xc8,
	//mipi digital csi phy setting for 1 lane
	0x52, 0x98, 0x0b, 0x08, 0x40, 0x04, 0x00, 0x00, 0x02, 0x00, 0x0d, 0x00, 0x00, 0x00, 0x00, 0x08, 0x40, 0x04, 0xff, 0xff, 0x02, 0x00, 0xc8, 0x1e, 0x00, 0xff, 0xff, 0x02, 0x00, 0xc8, 0xde, 0x3f, 0x00, 0x00, 0x01, 0x00, 0xc8, 0x1e, 0x04, 0xc0, 0x00, 0xff, 0xff, 0xc8, 0x5e, 0x04, 0x00, 0x00, 0xff, 0xff, 0xc8, 0x9e, 0x04, 0x32, 0x00, 0xff, 0x00, 0xc8, 0x9e, 0x04, 0x00, 0x28, 0x00, 0xff, 0xc8, 0xde, 0x04, 0x10, 0x00, 0xff, 0x00, 0xc8, 0xde, 0x04, 0x00, 0x08, 0x00, 0xff, 0xc8, 0x1e, 0x05, 0x01, 0x00, 0xff, 0x00, 0xc8, 0x1e, 0x05, 0x00, 0x01, 0x00, 0xff, 0xc8, 0x5e, 0x05, 0x02, 0x00, 0xff, 0x00, 0xc8, 0x1e, 0x06, 0xe0, 0x32, 0xff, 0xff, 0xc8, 0x5e, 0x06, 0x29, 0x00, 0xff, 0xff, 0xc8, 0x9e, 0x06, 0x46, 0x05, 0xff, 0xff, 0xc8, 0xde, 0x06, 0x00, 0x00, 0xff, 0xff, 0xc8, 0x1e, 0x07, 0x00, 0x00, 0x02, 0x00, 0xc8, 0x1e, 0x07, 0x00, 0x00, 0x80, 0x00, 0xc8, 0x9e, 0x00, 0x00, 0x00, 0xff, 0x00, 0xc8, 0x1e, 0x00, 0x00, 0x10, 0x00, 0xf0, 0xc8, 0xde, 0x00, 0xff, 0xff, 0x03, 0x00, 0xc8, 0xde, 0x00, 0x00, 0x00, 0x3c, 0x00, 0xc8, 0xde, 0x00, 0x00, 0x07, 0x00, 0x07, 0xc8, 0xde, 0x00, 0xff, 0xff, 0x40, 0x00, 0x0d, 0xe8, 0x03, 0x00, 0x00, 0x2b, 0x55,
	//mipi release reset for 1 lane
	0x52, 0x48, 0x04, 0x88, 0x5f, 0x08, 0x00, 0x00, 0x01, 0x00, 0x88, 0x9f, 0x08, 0x00, 0x00, 0x01, 0x00, 0x88, 0x5f, 0x08, 0x00, 0x00, 0x00, 0x0d, 0x88, 0x9f, 0x08, 0x00, 0x00, 0x00, 0x0d, 0x48, 0x1e, 0x00, 0xff, 0xff, 0x00, 0xf0, 0x48, 0x1e, 0x00, 0xff, 0xff, 0x10, 0x03, 0x48, 0x1e, 0x00, 0xff, 0xff, 0x0f, 0x00, 0xc8, 0x9e, 0x00, 0xff, 0xff, 0x00, 0x1f, 0x0d, 0x64, 0x00, 0x00, 0x00, 0xc8, 0x9e, 0x00, 0xff, 0xff, 0x00, 0x60, 0x07, 0x09,
	//GPIO Rx_ErrB setting
	0x52, 0x58, 0x10, 0x08, 0x11, 0x00, 0xff, 0xff, 0x10, 0x00, 0x08, 0x11, 0x25, 0x78, 0x00, 0xfe, 0x07, 0x08, 0x11, 0x25, 0xff, 0xff, 0x00, 0x08, 0x08, 0x51, 0x25, 0x08, 0x00, 0x0f, 0x00, 0x08, 0x51, 0x25, 0x80, 0x00, 0xf0, 0x00, 0x08, 0x51, 0x25, 0x00, 0x08, 0x00, 0x0f, 0x08, 0x51, 0x25, 0x00, 0x80, 0x00, 0xf0, 0x08, 0x91, 0x25, 0x08, 0x00, 0x0f, 0x00, 0x08, 0x91, 0x25, 0x80, 0x00, 0xf0, 0x00, 0x00, 0x91, 0x26, 0x05, 0x00, 0x00, 0xd1, 0x27, 0x03, 0x00, 0x08, 0xd1, 0x26, 0xff, 0xff, 0x00, 0x04, 0x08, 0xd1, 0x26, 0xff, 0xff, 0x00, 0x02, 0x08, 0x11, 0x25, 0xff, 0xff, 0x01, 0x00, 0x08, 0x11, 0x00, 0xff, 0xff, 0x03, 0x00, 0x00, 0x00, 0x28, 0x00, 0x00, 0x00, 0x40, 0x28, 0x00, 0x00, 0x00, 0x80, 0x28, 0x30, 0x03, 0x00, 0xc0, 0x28, 0x00, 0x00, 0x48, 0xde, 0x11, 0x00, 0x00, 0x00, 0x10, 0x48, 0xde, 0x11, 0x00, 0x00, 0x00, 0x20, 0x48, 0xde, 0x11, 0x00, 0x00, 0x00, 0x40, 0x48, 0xde, 0x11, 0x00, 0x00, 0x00, 0x80, 0x48, 0xde, 0x12, 0x00, 0x00, 0x00, 0x10, 0x48, 0xde, 0x12, 0x00, 0x00, 0x00, 0x20, 0x40, 0x5e, 0x1c, 0x30, 0x00, 0xc0, 0x1b, 0x01, 0x03, 0x00, 0x00, 0x00, 0x29, 0xff, 0xff, 0x00, 0x40, 0x29, 0xff, 0xff, 0x00, 0x80, 0x29, 0xff, 0xff, 0x00, 0xc0, 0x29, 0xff, 0xff, 0x00, 0x00, 0x27, 0xff, 0xff, 0x00, 0x80, 0x27, 0xff, 0xff, 0x00, 0x00, 0x29, 0xff, 0xff, 0x00, 0x40, 0x29, 0xff, 0xff, 0x00, 0x80, 0x29, 0xff, 0xff, 0x00, 0xc0, 0x29, 0xff, 0xff, 0x00, 0x00, 0x27, 0xff, 0xff, 0x00, 0x80, 0x27, 0xff, 0xff, 0x08, 0x80, 0x2b, 0x11, 0x00, 0x1f, 0x00, 0x48, 0x40, 0x21, 0x00, 0x09, 0x00, 0xff, 0x48, 0x00, 0x1d, 0x00, 0x59, 0x00, 0xff, 0x48, 0x00, 0x1b, 0xff, 0xff, 0x00, 0x02, 0x60, 0x5c,
	//GPIO err setting
	0x52, 0x38, 0x07, 0x08, 0x11, 0x00, 0xff, 0xff, 0x10, 0x00, 0x08, 0x11, 0x25, 0x78, 0x00, 0xfe, 0x07, 0x08, 0x11, 0x25, 0xff, 0xff, 0x00, 0x08, 0x08, 0x51, 0x25, 0x08, 0x00, 0x0f, 0x00, 0x08, 0x51, 0x25, 0x80, 0x00, 0xf0, 0x00, 0x08, 0x51, 0x25, 0x00, 0x08, 0x00, 0x0f, 0x08, 0x51, 0x25, 0x00, 0x80, 0x00, 0xf0, 0x08, 0x91, 0x25, 0x08, 0x00, 0x0f, 0x00, 0x08, 0x91, 0x25, 0x80, 0x00, 0xf0, 0x00, 0x00, 0x91, 0x26, 0x05, 0x00, 0x00, 0xd1, 0x27, 0x03, 0x00, 0x08, 0xd1, 0x26, 0xff, 0xff, 0x00, 0x04, 0x08, 0xd1, 0x26, 0xff, 0xff, 0x00, 0x02, 0x08, 0x11, 0x25, 0xff, 0xff, 0x01, 0x00, 0x08, 0x11, 0x00, 0xff, 0xff, 0x03, 0x00, 0x48, 0x00, 0x21, 0x05, 0x00, 0xff, 0x00, 0x48, 0x80, 0x1a, 0xff, 0xff, 0x20, 0x00, 0xfb, 0xf1,
	//version setting
	0x52, 0x48, 0x01, 0xc0, 0x18, 0x10, 0x01, 0x00, 0xc0, 0x58, 0x10, 0x00, 0x01, 0xc0, 0x98, 0x10, 0x01, 0x00, 0xc0, 0xd8, 0x10, 0x00, 0x00, 0x8f, 0xba,
	//clear status
	0x52, 0xe0, 0x88, 0xda, 0x04, 0xff, 0xff, 0x02, 0x00, 0x88, 0x9a, 0x1c, 0xff, 0xff, 0x01, 0x00, 0x1b, 0x03,
};

// normal mode
const uint8_t 	tx3_init_txt_tunneling[] = 	{
	//Vec Configuration Tool  v1.9.0
	//clear lock flag
	0x52, 0x74, 0x08, 0x00, 0x27, 0xff, 0xff, 0x00, 0x20, 0x4e, 0xa9,
	//set destination device ID & port ID (rx select channel 3)
	0x52, 0xc4, 0x08, 0x18, 0x04, 0x04, 0x00, 0x0f, 0x00, 0x00, 0x18, 0x1e, 0x00, 0x01, 0x70, 0xa3,
	//some power saving setting
	0x52, 0x58, 0x01, 0x08, 0x58, 0x04, 0x10, 0x00, 0xff, 0xff, 0x88, 0xc1, 0x05, 0x00, 0x20, 0x00, 0x3c, 0x88, 0x41, 0x06, 0x40, 0x03, 0xc0, 0x03, 0x37, 0x84,
	//GPIO clock setting
	0x52, 0xd8, 0x0b, 0x48, 0x40, 0x0e, 0xff, 0xff, 0x10, 0x00, 0x08, 0x80, 0x25, 0xff, 0xff, 0x01, 0x00, 0x08, 0x80, 0x04, 0x00, 0x00, 0x00, 0x01, 0x08, 0x80, 0x04, 0xff, 0xff, 0x00, 0x01, 0x88, 0x41, 0x08, 0xff, 0xff, 0x01, 0x00, 0x88, 0x01, 0x08, 0xff, 0xff, 0x01, 0x00, 0x88, 0xc1, 0x08, 0xff, 0xff, 0x00, 0x04, 0x88, 0x81, 0x08, 0xff, 0xff, 0x00, 0x04, 0x88, 0x01, 0x14, 0x00, 0x00, 0x01, 0x00, 0x80, 0x9d, 0x08, 0x00, 0x00, 0x80, 0x81, 0x06, 0x00, 0x12, 0x80, 0xc1, 0x06, 0x60, 0x67, 0x88, 0x01, 0x07, 0xff, 0xff, 0x08, 0x00, 0x88, 0x41, 0x05, 0x00, 0x00, 0x00, 0x80, 0x80, 0x01, 0x07, 0x18, 0x00, 0x80, 0x41, 0x07, 0xc0, 0x28, 0x88, 0x1d, 0x00, 0x00, 0x00, 0x00, 0x04, 0x88, 0x01, 0x07, 0x00, 0x00, 0x08, 0x00, 0x88, 0x41, 0x05, 0xff, 0xff, 0x00, 0x80, 0x88, 0x81, 0x08, 0x00, 0x00, 0x00, 0x04, 0x88, 0xc1, 0x08, 0x00, 0x00, 0x00, 0x04, 0x88, 0x01, 0x08, 0x00, 0x00, 0x01, 0x00, 0x88, 0x41, 0x08, 0x00, 0x00, 0x01, 0x00, 0x88, 0xc1, 0x06, 0x00, 0x00, 0x20, 0x00, 0x88, 0x01, 0x14, 0xff, 0xff, 0x01, 0x00, 0x80, 0x9d, 0x08, 0x43, 0x00, 0x80, 0x9d, 0x06, 0x00, 0x00, 0x08, 0x80, 0x25, 0x00, 0x00, 0x01, 0x00, 0x48, 0x40, 0x0e, 0x00, 0x00, 0x10, 0x00, 0x75, 0x9d,
	//GPIO framesync setting
	0x52, 0x58, 0x09, 0x88, 0x81, 0x08, 0x00, 0x00, 0x80, 0x00, 0x88, 0xc1, 0x08, 0x00, 0x00, 0x80, 0x00, 0x48, 0xd1, 0x3f, 0x00, 0x00, 0x03, 0x00, 0x00, 0xd1, 0x14, 0x00, 0x00, 0x00, 0xd1, 0x15, 0xf0, 0x0a, 0x08, 0x11, 0x16, 0xff, 0xff, 0x00, 0x80, 0x08, 0x11, 0x16, 0xff, 0xff, 0x08, 0x00, 0x08, 0x51, 0x17, 0xff, 0xff, 0x00, 0x10, 0x00, 0x11, 0x17, 0xff, 0xff, 0x08, 0x11, 0x00, 0xff, 0xff, 0x43, 0x00, 0x08, 0xc0, 0x3d, 0xff, 0xff, 0x00, 0x80, 0x00, 0x91, 0x10, 0x05, 0x00, 0x00, 0xd1, 0x11, 0x04, 0x00, 0x08, 0xd1, 0x12, 0xff, 0xff, 0x04, 0x00, 0x08, 0xd1, 0x12, 0xff, 0xff, 0x10, 0x00, 0x08, 0xd1, 0x12, 0xff, 0xff, 0x00, 0x20, 0x08, 0x51, 0x13, 0x10, 0x00, 0x30, 0x00, 0x08, 0x11, 0x00, 0xff, 0xff, 0x0b, 0x00, 0x00, 0x11, 0x17, 0x10, 0x27, 0x08, 0x11, 0x16, 0x00, 0x00, 0x00, 0x80, 0x48, 0xc0, 0x22, 0x07, 0x00, 0xff, 0x00, 0x48, 0xc0, 0x1c, 0x00, 0x66, 0x00, 0xff, 0x48, 0x00, 0x1b, 0xff, 0xff, 0x80, 0x00, 0x91, 0xc9,
	//GPIO sensor reset setting
	0x52, 0xe0, 0x48, 0x40, 0x0d, 0xff, 0xff, 0x01, 0x00, 0x48, 0x40, 0x0e, 0x00, 0x00, 0x01, 0x00, 0xb1, 0x73,
	//I2C speed
	0x52, 0x68, 0x09, 0x88, 0x41, 0x06, 0x00, 0x00, 0x00, 0x20, 0x88, 0x41, 0x06, 0xff, 0xff, 0x00, 0x40, 0x0d, 0x0a, 0x00, 0x00, 0x00, 0x88, 0x41, 0x06, 0xff, 0xff, 0x00, 0x80, 0x0d, 0x0a, 0x00, 0x00, 0x00, 0x88, 0x41, 0x06, 0xff, 0xff, 0x00, 0x10, 0x08, 0x18, 0xc4, 0xff, 0xff, 0x0e, 0x00, 0x08, 0x18, 0xc4, 0x08, 0x00, 0x0e, 0x00, 0x08, 0x00, 0x26, 0xff, 0xff, 0x01, 0x00, 0x08, 0x58, 0x04, 0x10, 0x00, 0xff, 0xff, 0x08, 0x18, 0x40, 0xff, 0xff, 0x01, 0x00, 0x08, 0x18, 0xc9, 0xff, 0xff, 0x01, 0x00, 0x08, 0x98, 0xc9, 0xff, 0xff, 0x01, 0x00, 0x08, 0x58, 0xc9, 0xff, 0xff, 0x01, 0x00, 0x08, 0x58, 0xc4, 0xff, 0xff, 0x01, 0x00, 0x08, 0x18, 0x40, 0xff, 0xff, 0x01, 0x00, 0x08, 0x58, 0xc4, 0x00, 0x00, 0x04, 0x00, 0x08, 0x58, 0xc4, 0xff, 0xff, 0x08, 0x00, 0x08, 0x58, 0xc4, 0xff, 0xff, 0x02, 0x00, 0x08, 0x58, 0x44, 0xff, 0xff, 0x01, 0x00, 0x08, 0xd8, 0x44, 0x05, 0x00, 0x3f, 0x00, 0x08, 0xd8, 0x44, 0x00, 0x02, 0x00, 0x1f, 0xed, 0xf9,
	//set tx3 device ID
	0x52, 0xe0, 0x08, 0x58, 0x04, 0x10, 0x00, 0xff, 0xff, 0x08, 0x18, 0x01, 0x04, 0x00, 0x3f, 0x00, 0x1a, 0x0b,
	//set destination device ID
	0x52, 0xc4, 0x08, 0x58, 0x1c, 0x00, 0x00, 0xe0, 0x00, 0x00, 0x18, 0x1e, 0x04, 0x01, 0x65, 0x34,
	//enable mipi pll
	0x52, 0x18, 0x08, 0x88, 0x01, 0x08, 0x00, 0x00, 0x00, 0x40, 0x88, 0x41, 0x08, 0x00, 0x00, 0x00, 0x40, 0x88, 0x81, 0x08, 0x00, 0x00, 0x04, 0x00, 0x88, 0xc1, 0x08, 0x00, 0x00, 0x04, 0x00, 0x08, 0x80, 0x04, 0x00, 0x00, 0x02, 0x00, 0x0d, 0x00, 0x00, 0x00, 0x00, 0x08, 0x80, 0x04, 0xff, 0xff, 0x02, 0x00, 0x88, 0xdf, 0x05, 0xff, 0xff, 0x01, 0x00, 0x80, 0x1f, 0x06, 0xc2, 0x02, 0x80, 0x5f, 0x06, 0x2e, 0x00, 0x80, 0x9f, 0x06, 0x44, 0x00, 0x80, 0xdf, 0x06, 0x00, 0x00, 0x80, 0x1f, 0x07, 0x00, 0x84, 0x80, 0x5f, 0x07, 0x14, 0x00, 0x88, 0xdf, 0x08, 0xff, 0xff, 0x01, 0x00, 0x88, 0xdf, 0x08, 0xff, 0xff, 0x02, 0x00, 0x0d, 0x0a, 0x00, 0x00, 0x00, 0x88, 0xdf, 0x08, 0x00, 0x00, 0x01, 0x00, 0x0d, 0x64, 0x00, 0x00, 0x00, 0x88, 0x5f, 0x08, 0x00, 0x00, 0x00, 0x0d, 0x88, 0x9f, 0x08, 0x00, 0x00, 0x00, 0x0d, 0x40, 0x44,
	//mipi digital general setting
	0x52, 0x18, 0x02, 0x08, 0x80, 0x04, 0x00, 0x00, 0x10, 0x00, 0x0d, 0x00, 0x00, 0x00, 0x00, 0x08, 0x80, 0x04, 0xff, 0xff, 0x10, 0x00, 0xc8, 0xdb, 0x3f, 0x00, 0x00, 0x07, 0x00, 0xc8, 0x1b, 0x00, 0xff, 0xff, 0x0f, 0x00, 0x12, 0x9b,
	//mipi digital video setting for 1 lane
	0x52, 0xd8, 0x0e, 0x08, 0x80, 0x04, 0x00, 0x00, 0x08, 0x00, 0x0d, 0x00, 0x00, 0x00, 0x00, 0x08, 0x80, 0x04, 0xff, 0xff, 0x08, 0x00, 0x48, 0xde, 0x3f, 0x00, 0x00, 0x07, 0x00, 0x48, 0x9e, 0x00, 0x00, 0x00, 0x00, 0x20, 0x48, 0x9e, 0x00, 0x00, 0x00, 0x03, 0x00, 0x48, 0x9e, 0x00, 0x00, 0x00, 0x04, 0x00, 0x48, 0x9e, 0x00, 0x00, 0x00, 0x08, 0x00, 0x48, 0x9e, 0x00, 0xff, 0xff, 0x10, 0x00, 0x48, 0x1e, 0x14, 0x00, 0x00, 0x00, 0x40, 0x48, 0x5e, 0x14, 0x00, 0x00, 0x00, 0x40, 0x48, 0x1e, 0x14, 0x00, 0x00, 0x1f, 0x00, 0x48, 0x1e, 0x14, 0x00, 0x00, 0x00, 0x3e, 0x48, 0x5e, 0x14, 0x01, 0x00, 0x1f, 0x00, 0x48, 0x5e, 0x14, 0x00, 0x02, 0x00, 0x3e, 0x48, 0x9e, 0x14, 0x02, 0x00, 0x1f, 0x00, 0x48, 0x9e, 0x14, 0x00, 0x04, 0x00, 0x3e, 0x48, 0xde, 0x14, 0x03, 0x00, 0x1f, 0x00, 0x48, 0xde, 0x14, 0x00, 0x06, 0x00, 0x3e, 0x48, 0x1e, 0x15, 0x04, 0x00, 0x1f, 0x00, 0x48, 0x1e, 0x15, 0x00, 0x08, 0x00, 0x3e, 0x48, 0x5e, 0x15, 0x05, 0x00, 0x1f, 0x00, 0x48, 0x5e, 0x15, 0x00, 0x0a, 0x00, 0x3e, 0x48, 0x9e, 0x15, 0x06, 0x00, 0x1f, 0x00, 0x48, 0x9e, 0x15, 0x00, 0x0c, 0x00, 0x3e, 0x48, 0xde, 0x15, 0x07, 0x00, 0x1f, 0x00, 0x48, 0xde, 0x15, 0x00, 0x0e, 0x00, 0x3e, 0x48, 0xde, 0x02, 0xff, 0xff, 0x10, 0x80, 0x48, 0x1e, 0x03, 0xff, 0xff, 0x10, 0x80, 0x48, 0x5e, 0x03, 0xff, 0xff, 0x80, 0x80, 0x48, 0x9e, 0x03, 0xff, 0xff, 0x80, 0x80, 0x48, 0x9e, 0x02, 0xff, 0xff, 0x11, 0x00, 0x40, 0x5e, 0x12, 0x4a, 0x04, 0x40, 0x9e, 0x12, 0x4a, 0x04, 0x40, 0x9e, 0x11, 0xff, 0x0f, 0xa2, 0x20,
	//disable mipi clock
	0x52, 0xa8, 0x01, 0x88, 0x9f, 0x08, 0xff, 0xff, 0x00, 0x0d, 0x88, 0x5f, 0x08, 0xff, 0xff, 0x00, 0x0d, 0x88, 0xdf, 0x08, 0x00, 0x00, 0x02, 0x00, 0x0d, 0x0a, 0x00, 0x00, 0x00, 0x65, 0x77,
	//mipi analog setting for 1 lane
	0x52, 0x08, 0x07, 0x80, 0x1f, 0x04, 0x70, 0x07, 0x80, 0x5f, 0x04, 0x04, 0x00, 0x80, 0x9f, 0x04, 0x00, 0x00, 0x80, 0x1f, 0x00, 0x70, 0x07, 0x80, 0x5f, 0x00, 0x04, 0x00, 0x80, 0x9f, 0x00, 0x00, 0x00, 0x80, 0xdf, 0x00, 0x03, 0x00, 0x80, 0x1f, 0x06, 0x00, 0x00, 0x80, 0x5f, 0x06, 0x00, 0x00, 0x80, 0x9f, 0x06, 0x05, 0x00, 0x80, 0xdf, 0x06, 0x00, 0x00, 0x80, 0x1f, 0x07, 0x3f, 0x00, 0x80, 0x5f, 0x07, 0x60, 0x00, 0x88, 0x1f, 0x05, 0xff, 0xff, 0x80, 0x0f, 0x80, 0x1f, 0x0a, 0x00, 0x00, 0x80, 0x5f, 0x0a, 0x01, 0x00, 0x80, 0x5f, 0x0c, 0x08, 0x08, 0x80, 0x9f, 0x0c, 0x08, 0x08, 0x80, 0xdf, 0x0c, 0x08, 0x08, 0x80, 0x1f, 0x0d, 0x08, 0x08, 0x80, 0x5f, 0x0d, 0x08, 0x08, 0x80, 0x1f, 0x0c, 0xff, 0x03, 0x06, 0xc8,
	//mipi digital csi phy setting for 1 lane
	0x52, 0x98, 0x0b, 0x08, 0x40, 0x04, 0x00, 0x00, 0x02, 0x00, 0x0d, 0x00, 0x00, 0x00, 0x00, 0x08, 0x40, 0x04, 0xff, 0xff, 0x02, 0x00, 0xc8, 0x1e, 0x00, 0xff, 0xff, 0x02, 0x00, 0xc8, 0xde, 0x3f, 0x00, 0x00, 0x01, 0x00, 0xc8, 0x1e, 0x04, 0xc0, 0x00, 0xff, 0xff, 0xc8, 0x5e, 0x04, 0x00, 0x00, 0xff, 0xff, 0xc8, 0x9e, 0x04, 0x32, 0x00, 0xff, 0x00, 0xc8, 0x9e, 0x04, 0x00, 0x28, 0x00, 0xff, 0xc8, 0xde, 0x04, 0x10, 0x00, 0xff, 0x00, 0xc8, 0xde, 0x04, 0x00, 0x08, 0x00, 0xff, 0xc8, 0x1e, 0x05, 0x01, 0x00, 0xff, 0x00, 0xc8, 0x1e, 0x05, 0x00, 0x01, 0x00, 0xff, 0xc8, 0x5e, 0x05, 0x02, 0x00, 0xff, 0x00, 0xc8, 0x1e, 0x06, 0xe0, 0x32, 0xff, 0xff, 0xc8, 0x5e, 0x06, 0x29, 0x00, 0xff, 0xff, 0xc8, 0x9e, 0x06, 0x46, 0x05, 0xff, 0xff, 0xc8, 0xde, 0x06, 0x00, 0x00, 0xff, 0xff, 0xc8, 0x1e, 0x07, 0x00, 0x00, 0x02, 0x00, 0xc8, 0x1e, 0x07, 0x00, 0x00, 0x80, 0x00, 0xc8, 0x9e, 0x00, 0x00, 0x00, 0xff, 0x00, 0xc8, 0x1e, 0x00, 0x00, 0x10, 0x00, 0xf0, 0xc8, 0xde, 0x00, 0xff, 0xff, 0x03, 0x00, 0xc8, 0xde, 0x00, 0x00, 0x00, 0x3c, 0x00, 0xc8, 0xde, 0x00, 0x00, 0x07, 0x00, 0x07, 0xc8, 0xde, 0x00, 0xff, 0xff, 0x40, 0x00, 0x0d, 0xe8, 0x03, 0x00, 0x00, 0x2b, 0x55,
	//mipi release reset for 1 lane
	0x52, 0x48, 0x04, 0x88, 0x5f, 0x08, 0x00, 0x00, 0x01, 0x00, 0x88, 0x9f, 0x08, 0x00, 0x00, 0x01, 0x00, 0x88, 0x5f, 0x08, 0x00, 0x00, 0x00, 0x0d, 0x88, 0x9f, 0x08, 0x00, 0x00, 0x00, 0x0d, 0x48, 0x1e, 0x00, 0xff, 0xff, 0x00, 0xf0, 0x48, 0x1e, 0x00, 0xff, 0xff, 0x10, 0x03, 0x48, 0x1e, 0x00, 0xff, 0xff, 0x0f, 0x00, 0xc8, 0x9e, 0x00, 0xff, 0xff, 0x00, 0x1f, 0x0d, 0x64, 0x00, 0x00, 0x00, 0xc8, 0x9e, 0x00, 0xff, 0xff, 0x00, 0x60, 0x07, 0x09,
	//GPIO Rx_ErrB setting
	0x52, 0x58, 0x10, 0x08, 0x11, 0x00, 0xff, 0xff, 0x10, 0x00, 0x08, 0x11, 0x25, 0x78, 0x00, 0xfe, 0x07, 0x08, 0x11, 0x25, 0xff, 0xff, 0x00, 0x08, 0x08, 0x51, 0x25, 0x08, 0x00, 0x0f, 0x00, 0x08, 0x51, 0x25, 0x80, 0x00, 0xf0, 0x00, 0x08, 0x51, 0x25, 0x00, 0x08, 0x00, 0x0f, 0x08, 0x51, 0x25, 0x00, 0x80, 0x00, 0xf0, 0x08, 0x91, 0x25, 0x08, 0x00, 0x0f, 0x00, 0x08, 0x91, 0x25, 0x80, 0x00, 0xf0, 0x00, 0x00, 0x91, 0x26, 0x05, 0x00, 0x00, 0xd1, 0x27, 0x04, 0x00, 0x08, 0xd1, 0x26, 0xff, 0xff, 0x00, 0x04, 0x08, 0xd1, 0x26, 0xff, 0xff, 0x00, 0x02, 0x08, 0x11, 0x25, 0xff, 0xff, 0x01, 0x00, 0x08, 0x11, 0x00, 0xff, 0xff, 0x03, 0x00, 0x00, 0x00, 0x28, 0x00, 0x00, 0x00, 0x40, 0x28, 0x00, 0x00, 0x00, 0x80, 0x28, 0x30, 0x03, 0x00, 0xc0, 0x28, 0x00, 0x00, 0x48, 0xde, 0x11, 0x00, 0x00, 0x00, 0x10, 0x48, 0xde, 0x11, 0x00, 0x00, 0x00, 0x20, 0x48, 0xde, 0x11, 0x00, 0x00, 0x00, 0x40, 0x48, 0xde, 0x11, 0x00, 0x00, 0x00, 0x80, 0x48, 0xde, 0x12, 0x00, 0x00, 0x00, 0x10, 0x48, 0xde, 0x12, 0x00, 0x00, 0x00, 0x20, 0x40, 0x5e, 0x1c, 0x30, 0x00, 0xc0, 0x1b, 0x01, 0x03, 0x00, 0x00, 0x00, 0x29, 0xff, 0xff, 0x00, 0x40, 0x29, 0xff, 0xff, 0x00, 0x80, 0x29, 0xff, 0xff, 0x00, 0xc0, 0x29, 0xff, 0xff, 0x00, 0x00, 0x27, 0xff, 0xff, 0x00, 0x80, 0x27, 0xff, 0xff, 0x00, 0x00, 0x29, 0xff, 0xff, 0x00, 0x40, 0x29, 0xff, 0xff, 0x00, 0x80, 0x29, 0xff, 0xff, 0x00, 0xc0, 0x29, 0xff, 0xff, 0x00, 0x00, 0x27, 0xff, 0xff, 0x00, 0x80, 0x27, 0xff, 0xff, 0x08, 0x80, 0x2b, 0x11, 0x00, 0x1f, 0x00, 0x48, 0x40, 0x21, 0x00, 0x09, 0x00, 0xff, 0x48, 0x00, 0x1d, 0x00, 0x59, 0x00, 0xff, 0x48, 0x00, 0x1b, 0xff, 0xff, 0x00, 0x02, 0x89, 0x35,
	//GPIO err setting
	0x52, 0x38, 0x07, 0x08, 0x11, 0x00, 0xff, 0xff, 0x10, 0x00, 0x08, 0x11, 0x25, 0x78, 0x00, 0xfe, 0x07, 0x08, 0x11, 0x25, 0xff, 0xff, 0x00, 0x08, 0x08, 0x51, 0x25, 0x08, 0x00, 0x0f, 0x00, 0x08, 0x51, 0x25, 0x80, 0x00, 0xf0, 0x00, 0x08, 0x51, 0x25, 0x00, 0x08, 0x00, 0x0f, 0x08, 0x51, 0x25, 0x00, 0x80, 0x00, 0xf0, 0x08, 0x91, 0x25, 0x08, 0x00, 0x0f, 0x00, 0x08, 0x91, 0x25, 0x80, 0x00, 0xf0, 0x00, 0x00, 0x91, 0x26, 0x05, 0x00, 0x00, 0xd1, 0x27, 0x04, 0x00, 0x08, 0xd1, 0x26, 0xff, 0xff, 0x00, 0x04, 0x08, 0xd1, 0x26, 0xff, 0xff, 0x00, 0x02, 0x08, 0x11, 0x25, 0xff, 0xff, 0x01, 0x00, 0x08, 0x11, 0x00, 0xff, 0xff, 0x03, 0x00, 0x48, 0x00, 0x21, 0x05, 0x00, 0xff, 0x00, 0x48, 0x80, 0x1a, 0xff, 0xff, 0x20, 0x00, 0x62, 0x17,
	//version setting
	0x52, 0x48, 0x01, 0xc0, 0x18, 0x10, 0x01, 0x00, 0xc0, 0x58, 0x10, 0x00, 0x01, 0xc0, 0x98, 0x10, 0x01, 0x00, 0xc0, 0xd8, 0x10, 0x00, 0x00, 0x8f, 0xba,
	//clear status
	0x52, 0xe0, 0x88, 0xda, 0x04, 0xff, 0xff, 0x02, 0x00, 0x88, 0x9a, 0x1c, 0xff, 0xff, 0x01, 0x00, 0x1b, 0x03,
};

// init tx0~3
const uint8_t 	rx_init_4tx[] = {
	//Vec Configuration Tool  v1.9.0
	//I2C slave crc enable
	0x52, 0x5c, 0x01, 0x08, 0x98, 0x1d, 0x21, 0x10, 0xff, 0xff, 0x08, 0xd8, 0x1d, 0xff, 0xff, 0xff, 0xff, 0x08, 0x98, 0x1c, 0xff, 0xff, 0x1b, 0x1f, 0xb7, 0x68,
	//clear init flag
	0x52, 0x54, 0xc0, 0x98, 0x10, 0xff, 0xff, 0x6d, 0xf0,
	//deser hsmt config
	0x52, 0xcc, 0x05, 0xc2, 0x00, 0x00, 0x00, 0x00, 0x00, 0x00, 0xd5, 0x18, 0x0c, 0x00, 0x00, 0x0f, 0x00, 0xd5, 0x18, 0x0d, 0x00, 0x00, 0x0f, 0x00, 0xd5, 0x18, 0x0e, 0x00, 0x00, 0x0f, 0x00, 0xd5, 0x18, 0x0f, 0x00, 0x00, 0x0f, 0x00, 0x0d, 0x63, 0x00, 0x00, 0x00, 0xc6, 0x00, 0x04, 0x80, 0x80, 0x01, 0x0e, 0x6b, 0x0b, 0xe0, 0x43, 0x09, 0x81, 0xc6, 0x00, 0x05, 0x80, 0x80, 0x01, 0x0e, 0x6b, 0x0b, 0xe0, 0x43, 0x09, 0x81, 0xc6, 0x00, 0x06, 0x80, 0x80, 0x01, 0x0e, 0x6b, 0x0b, 0xe0, 0x43, 0x09, 0x81, 0xc6, 0x00, 0x07, 0x80, 0x80, 0x01, 0x0e, 0x6b, 0x0b, 0xe0, 0x43, 0x09, 0x81, 0x00, 0xd7,
	0x52, 0x9c, 0x3f, 0x86, 0x00, 0x00, 0x48, 0xbf, 0x02, 0x9a, 0x34, 0x52, 0x58, 0x25, 0x62, 0x75, 0x20, 0x69, 0x6e, 0x74, 0x0a, 0x00, 0x52, 0x58, 0x25, 0x62, 0x75, 0x20, 0x69, 0x6e, 0x74, 0x63, 0x0a, 0x00, 0x52, 0x58, 0x25, 0x62, 0x75, 0x20, 0x69, 0x6e, 0x74, 0x20, 0x46, 0x3d, 0x25, 0x62, 0x75, 0x0a, 0x00, 0x52, 0x58, 0x25, 0x62, 0x75, 0x20, 0x25, 0x62, 0x75, 0x47, 0x20, 0x43, 0x46, 0x4c, 0x0a, 0x00, 0x52, 0x58, 0x25, 0x62, 0x75, 0x20, 0x66, 0x63, 0x73, 0x0a, 0x00, 0x0a, 0x52, 0x58, 0x20, 0x48, 0x4f, 0x4f, 0x4b, 0x20, 0x76, 0x25, 0x62, 0x75, 0x2e, 0x25, 0x62, 0x75, 0x2e, 0x25, 0x62, 0x75, 0x2e, 0x25, 0x62, 0x75, 0x0a, 0x00, 0x48, 0x04, 0xc8, 0x01, 0x01, 0xff, 0xff, 0x00, 0x80, 0xc0, 0x01, 0x05, 0x08, 0x80, 0xc0, 0x41, 0x05, 0x31, 0x00, 0xc0, 0x81, 0x05, 0x80, 0x80, 0xc0, 0xc1, 0x05, 0x00, 0x28, 0xc0, 0x01, 0x06, 0x60, 0x80, 0xc0, 0x41, 0x06, 0x40, 0x22, 0xc8, 0x01, 0x0d, 0xff, 0xff, 0x02, 0x00, 0xc8, 0x01, 0x0d, 0xff, 0xff, 0x01, 0x00, 0x0d, 0x0a, 0x00, 0x00, 0x00, 0xc8, 0x01, 0x0d, 0x00, 0x00, 0x02, 0x00, 0x0d, 0x63, 0x00, 0x00, 0x00, 0x00, 0x00, 0x64, 0x5f, 0x00, 0x00, 0xd8, 0x1a, 0x08, 0x9b, 0x02, 0x00, 0x00, 0x00, 0x80, 0x00, 0x1b, 0x00, 0x04, 0x00, 0x00, 0x5b, 0x00, 0x08, 0x81, 0x00, 0x9b, 0x00, 0x00, 0x00, 0x00, 0xdb, 0x00, 0x00, 0x00, 0x00, 0x1b, 0x01, 0x00, 0x24, 0x00, 0x5b, 0x01, 0x30, 0x00, 0x00, 0x9b, 0x01, 0x00, 0x20, 0x00, 0xdb, 0x01, 0x00, 0x00, 0x00, 0x1b, 0x02, 0x00, 0x00, 0x00, 0x5b, 0x02, 0x10, 0x03, 0x00, 0xdb, 0x03, 0xdc, 0x77, 0x08, 0x1b, 0x04, 0x39, 0x00, 0x87, 0xff, 0x00, 0x5b, 0x04, 0x00, 0x00, 0x00, 0x9b, 0x04, 0x00, 0x00, 0x00, 0xdb, 0x04, 0x00, 0x00, 0x00, 0x1b, 0x05, 0x00, 0x00, 0x00, 0x5b, 0x05, 0x00, 0x00, 0x00, 0x9b, 0x05, 0x00, 0x80, 0x00, 0xdb, 0x05, 0x00, 0x00, 0x00, 0x5b, 0x06, 0x3e, 0x1b, 0x00, 0x9b, 0x06, 0x67, 0x77, 0x00, 0xdb, 0x06, 0x3e, 0x1b, 0x00, 0x1b, 0x07, 0x67, 0x77, 0x00, 0x5b, 0x07, 0x3e, 0x1b, 0x00, 0x9b, 0x07, 0x66, 0x77, 0x00, 0x5b, 0x08, 0x00, 0x46, 0x00, 0x9b, 0x08, 0x00, 0x00, 0x00, 0xdb, 0x08, 0x6c, 0x0c, 0x0d, 0x10, 0x27, 0x00, 0x00, 0x00, 0x5b, 0x00, 0x00, 0xc1, 0x00, 0xdb, 0x02, 0x10, 0x14, 0x00, 0x1b, 0x03, 0x10, 0xf4, 0x00, 0x5b, 0x03, 0x10, 0xf4, 0x00, 0x9b, 0x03, 0x88, 0x08, 0x00, 0x1b, 0x06, 0x10, 0xf4, 0x00, 0x9b, 0x02, 0x08, 0x80, 0x0d, 0x31, 0x00, 0x00, 0x00, 0x88, 0x1a, 0x00, 0xff, 0xff, 0x00, 0x1c, 0x80, 0x9a, 0x02, 0x40, 0x00, 0x88, 0x1a, 0x24, 0xff, 0xff, 0x0a, 0x00, 0x88, 0x1a, 0x00, 0xff, 0xbf, 0x01, 0x60, 0x80, 0x9a, 0x0d, 0x01, 0x00, 0x11, 0x99, 0x9a, 0x0d, 0xff, 0xff, 0x02, 0x00, 0xf4, 0x01, 0x00, 0x00, 0x80, 0x9a, 0x0d, 0x00, 0x00, 0x88, 0x1a, 0x00, 0x00, 0x00, 0x00, 0x20, 0x08, 0x9b, 0x02, 0x00, 0x00, 0x00, 0x80, 0x00, 0x5b, 0x00, 0x00, 0x81, 0x0d, 0x88, 0x13, 0x00, 0x00, 0x00, 0x1b, 0x00, 0x34, 0xfc, 0x00, 0x5b, 0x00, 0x00, 0xff, 0x00, 0x9b, 0x00, 0xf0, 0x19, 0x00, 0xdb, 0x00, 0x00, 0x00, 0x00, 0x1b, 0x01, 0x00, 0x34, 0x00, 0x5b, 0x01, 0x30, 0x22, 0x00, 0x9b, 0x01, 0x3b, 0x26, 0x00, 0xdb, 0x01, 0x00, 0x00, 0x00, 0x1b, 0x02, 0xff, 0x00, 0x00, 0x5b, 0x02, 0x10, 0x03, 0x00, 0xdb, 0x03, 0x3f, 0x3f, 0x08, 0x1b, 0x04, 0xa9, 0x41, 0x87, 0xff, 0x00, 0x5b, 0x04, 0x00, 0x00, 0x00, 0x9b, 0x04, 0x30, 0x00, 0x00, 0xdb, 0x04, 0x00, 0x00, 0x00, 0x1b, 0x05, 0x10, 0x00, 0x00, 0x5b, 0x05, 0x00, 0x00, 0x00, 0x9b, 0x05, 0x00, 0x00, 0x00, 0xdb, 0x05, 0x00, 0x00, 0x08, 0x5b, 0x00, 0xff, 0xff, 0x02, 0x00, 0x08, 0x1b, 0x01, 0x00, 0x00, 0x00, 0x04, 0x0d, 0x14, 0x00, 0x00, 0x00, 0x08, 0xdb, 0x03, 0x00, 0x00, 0x00, 0x01, 0x08, 0x5b, 0x00, 0x00, 0x00, 0x00, 0x80, 0x11, 0x19, 0xdb, 0x1a, 0xff, 0xff, 0x01, 0x00, 0xe8, 0x03, 0x00, 0x00, 0x08, 0x5b, 0x00, 0x00, 0x00, 0x02, 0x00, 0x08, 0x1b, 0x01, 0xff, 0xff, 0x00, 0x04, 0x08, 0xdb, 0x03, 0xff, 0xff, 0x00, 0x01, 0x00, 0x98, 0xf3, 0x00, 0x00, 0xb8, 0x14, 0x00, 0x5b, 0x06, 0x3e, 0xd2, 0x00, 0x9b, 0x06, 0x41, 0x77, 0x00, 0xdb, 0x06, 0x3e, 0x52, 0x00, 0x1b, 0x07, 0x67, 0x77, 0x00, 0x5b, 0x07, 0x3e, 0x52, 0x00, 0x9b, 0x07, 0x40, 0x77, 0x00, 0x5b, 0x08, 0x01, 0xa4, 0x00, 0x9b, 0x08, 0x00, 0x00, 0x00, 0xdb, 0x08, 0xc9, 0x8c, 0x00, 0x9b, 0x01, 0x3b, 0x66, 0x40, 0x9b, 0x20, 0x10, 0x01, 0x40, 0xdb, 0x20, 0x00, 0x08, 0x40, 0xdb, 0x21, 0x08, 0x00, 0x40, 0x9b, 0x28, 0x40, 0x00, 0x40, 0xdb, 0x28, 0x88, 0x01, 0x40, 0x1b, 0x3c, 0x20, 0x40, 0x40, 0x1b, 0x36, 0x80, 0x40, 0x40, 0xdb, 0x37, 0x00, 0x01, 0x40, 0x5b, 0x28, 0x68, 0x00, 0x40, 0x5b, 0x38, 0xa2, 0x01, 0x40, 0x1b, 0x38, 0x00, 0x02, 0x40, 0x5b, 0x24, 0xff, 0x80, 0x40, 0x1b, 0x28, 0x2f, 0x02, 0x40, 0x5b, 0x3c, 0x40, 0x10, 0x40, 0x9b, 0x3c, 0x3c, 0x10, 0x40, 0x1b, 0x3d, 0x20, 0x20, 0x40, 0x5b, 0x36, 0x00, 0x00, 0x40, 0xdb, 0x36, 0xac, 0x00, 0x40, 0x1b, 0x37, 0xcc, 0xcc, 0x40, 0x5b, 0x37, 0x0b, 0x0b, 0x40, 0x9b, 0x37, 0x0b, 0x0b, 0x48, 0x1b, 0x00, 0x00, 0x00, 0x02, 0x00, 0x48, 0x1b, 0x00, 0xff, 0xff, 0x02, 0x00, 0x48, 0x5b, 0x00, 0x00, 0x00, 0x20, 0x00, 0x48, 0x1b, 0x20, 0x00, 0x00, 0x01, 0x00, 0x48, 0xdb, 0x25, 0xff, 0xff, 0x02, 0x00, 0x48, 0x1b, 0x20, 0xff, 0xff, 0x01, 0x00, 0x48, 0x1b, 0x24, 0x01, 0x00, 0x01, 0x70, 0x55, 0x9b, 0x24, 0xff, 0xff, 0x01, 0x00, 0x48, 0x1b, 0x00, 0x00, 0x00, 0x00, 0x04, 0x48, 0x1b, 0x00, 0x00, 0x00, 0x00, 0x08, 0x48, 0x1a, 0x00, 0xff, 0xff, 0x01, 0x00, 0x48, 0x5a, 0x00, 0xff, 0xff, 0x01, 0x00, 0x11, 0x59, 0x1a, 0x14, 0xff, 0xff, 0x20, 0x00, 0xd0, 0x07, 0x00, 0x00, 0x59, 0x1a, 0x14, 0xff, 0xff, 0x00, 0x04, 0xf8, 0x2a, 0x00, 0x00, 0x0d, 0x31, 0x00, 0x00, 0x00, 0x08, 0x9b, 0x02, 0xff, 0xff, 0x00, 0x80, 0x0d, 0x31, 0x00, 0x00, 0x00, 0x88, 0x1a, 0x00, 0xff, 0xff, 0x00, 0x20, 0x88, 0x1a, 0x24, 0xff, 0xff, 0x08, 0x00, 0x88, 0x1a, 0x24, 0xff, 0xff, 0x01, 0x00, 0x11, 0x99, 0x1a, 0x24, 0xff, 0xff, 0x04, 0x00, 0xe8, 0x03, 0x00, 0x00, 0x88, 0x1a, 0x24, 0xff, 0xff, 0x08, 0x00, 0x80, 0x9a, 0x0d, 0x00, 0x00, 0x88, 0x1a, 0x00, 0x00, 0x00, 0x01, 0x20, 0x00, 0x00, 0x00, 0xde, 0xdf, 0x00, 0x00, 0xf8, 0x11, 0x40, 0x9b, 0x20, 0x10, 0x00, 0x40, 0xdb, 0x20, 0x00, 0x08, 0x40, 0xdb, 0x21, 0x08, 0x00, 0x40, 0x9b, 0x28, 0x40, 0x00, 0x40, 0xdb, 0x28, 0x88, 0x01, 0x40, 0x1b, 0x36, 0x10, 0x40, 0x40, 0xdb, 0x37, 0x00, 0x01, 0x40, 0x5b, 0x28, 0x68, 0x00, 0x40, 0x5b, 0x38, 0xa2, 0x01, 0x40, 0x1b, 0x38, 0x00, 0x02, 0x40, 0x5b, 0x24, 0xff, 0x80, 0x40, 0x1b, 0x28, 0x6f, 0x03, 0x40, 0x64, 0xbb,
	0x52, 0x9c, 0x3f, 0x86, 0x40, 0x3f, 0x48, 0xbf, 0x5b, 0x3c, 0x40, 0x10, 0x40, 0x9b, 0x3c, 0x3c, 0x10, 0x40, 0x5b, 0x36, 0x01, 0x00, 0x40, 0xdb, 0x36, 0x2c, 0x00, 0x40, 0x1b, 0x37, 0xcc, 0xcc, 0x40, 0x5b, 0x37, 0x15, 0x15, 0x40, 0x9b, 0x37, 0x15, 0x15, 0x48, 0x1b, 0x00, 0x00, 0x00, 0x02, 0x00, 0x48, 0x1b, 0x00, 0xff, 0xff, 0x02, 0x00, 0x48, 0x5b, 0x00, 0x00, 0x00, 0x20, 0x00, 0x48, 0x1b, 0x20, 0x00, 0x00, 0x01, 0x00, 0x48, 0xdb, 0x25, 0xff, 0xff, 0x02, 0x00, 0x48, 0x1b, 0x20, 0xff, 0xff, 0x01, 0x00, 0x48, 0x1b, 0x24, 0x01, 0x00, 0x01, 0x70, 0x55, 0x9b, 0x24, 0xff, 0xff, 0x01, 0x00, 0x48, 0x1b, 0x24, 0x01, 0x40, 0x09, 0x70, 0x0d, 0xd0, 0x07, 0x00, 0x00, 0x40, 0xdb, 0x36, 0x2b, 0x00, 0x40, 0x1b, 0x37, 0xbb, 0xbb, 0x40, 0x5b, 0x36, 0x03, 0x00, 0x0d, 0xd0, 0x07, 0x00, 0x00, 0x40, 0xdb, 0x36, 0xaa, 0x00, 0x40, 0x1b, 0x37, 0xaa, 0xaa, 0x0d, 0xd0, 0x07, 0x00, 0x00, 0x48, 0x1b, 0x00, 0x00, 0x00, 0x00, 0x04, 0x48, 0x1b, 0x00, 0x00, 0x00, 0x00, 0x08, 0x48, 0x1a, 0x00, 0xff, 0xff, 0x01, 0x00, 0x48, 0x1a, 0x01, 0x00, 0x00, 0x04, 0x00, 0x48, 0x9a, 0x00, 0xff, 0xff, 0x01, 0x00, 0x48, 0x5a, 0x00, 0xff, 0xff, 0x02, 0x00, 0x48, 0x1a, 0x08, 0xff, 0xff, 0x01, 0x00, 0x48, 0x1a, 0x08, 0xff, 0xff, 0x02, 0x00, 0x0d, 0x00, 0x12, 0x00, 0x00, 0x48, 0x1a, 0x08, 0xff, 0xff, 0x04, 0x00, 0x48, 0x1b, 0x24, 0xff, 0xff, 0x02, 0x00, 0x55, 0x9b, 0x24, 0xff, 0xff, 0x01, 0x00, 0x48, 0x1b, 0x24, 0x00, 0x00, 0x02, 0x00, 0x00, 0x00, 0x00, 0x02, 0x52, 0x00, 0x00, 0xf8, 0x11, 0x40, 0x9b, 0x20, 0x10, 0x00, 0x40, 0xdb, 0x20, 0x00, 0x08, 0x40, 0xdb, 0x21, 0x08, 0x00, 0x40, 0x9b, 0x28, 0x40, 0x00, 0x40, 0xdb, 0x28, 0x88, 0x01, 0x40, 0x1b, 0x36, 0x10, 0x40, 0x40, 0xdb, 0x37, 0x00, 0x01, 0x40, 0x5b, 0x28, 0x68, 0x00, 0x40, 0x5b, 0x38, 0xa2, 0x01, 0x40, 0x1b, 0x38, 0x00, 0x02, 0x40, 0x5b, 0x24, 0xff, 0x80, 0x40, 0x1b, 0x28, 0x6f, 0x03, 0x40, 0x5b, 0x3c, 0x40, 0x10, 0x40, 0x9b, 0x3c, 0x3c, 0x10, 0x40, 0x5b, 0x36, 0x01, 0x00, 0x40, 0xdb, 0x36, 0x2c, 0x00, 0x40, 0x1b, 0x37, 0xcc, 0xcc, 0x40, 0x5b, 0x37, 0x15, 0x15, 0x40, 0x9b, 0x37, 0x15, 0x15, 0x48, 0x1b, 0x00, 0x00, 0x00, 0x02, 0x00, 0x48, 0x1b, 0x00, 0xff, 0xff, 0x02, 0x00, 0x48, 0x5b, 0x00, 0x00, 0x00, 0x20, 0x00, 0x48, 0x1b, 0x20, 0x00, 0x00, 0x01, 0x00, 0x48, 0xdb, 0x25, 0xff, 0xff, 0x02, 0x00, 0x48, 0x1b, 0x20, 0xff, 0xff, 0x01, 0x00, 0x48, 0x1b, 0x24, 0x01, 0x00, 0x01, 0x70, 0x55, 0x9b, 0x24, 0xff, 0xff, 0x01, 0x00, 0x48, 0x1b, 0x24, 0x01, 0x40, 0x09, 0x70, 0x0d, 0xd0, 0x07, 0x00, 0x00, 0x40, 0xdb, 0x36, 0x2b, 0x00, 0x40, 0x1b, 0x37, 0xbb, 0xbb, 0x40, 0x5b, 0x36, 0x03, 0x00, 0x0d, 0xd0, 0x07, 0x00, 0x00, 0x40, 0xdb, 0x36, 0xaa, 0x00, 0x40, 0x1b, 0x37, 0xaa, 0xaa, 0x0d, 0xd0, 0x07, 0x00, 0x00, 0x48, 0x1b, 0x00, 0x00, 0x00, 0x00, 0x04, 0x48, 0x1b, 0x00, 0x00, 0x00, 0x00, 0x08, 0x48, 0x1a, 0x00, 0xff, 0xff, 0x01, 0x00, 0x48, 0x1a, 0x01, 0x00, 0x00, 0x04, 0x00, 0x48, 0x9a, 0x00, 0xff, 0xff, 0x01, 0x00, 0x48, 0x5a, 0x00, 0xff, 0xff, 0x02, 0x00, 0x48, 0x1a, 0x08, 0xff, 0xff, 0x01, 0x00, 0x48, 0x1a, 0x08, 0xff, 0xff, 0x02, 0x00, 0x0d, 0x00, 0x12, 0x00, 0x00, 0x48, 0x1a, 0x08, 0xff, 0xff, 0x04, 0x00, 0x48, 0x1b, 0x24, 0xff, 0xff, 0x02, 0x00, 0x55, 0x9b, 0x24, 0xff, 0xff, 0x01, 0x00, 0x48, 0x1b, 0x24, 0x00, 0x00, 0x02, 0x00, 0x00, 0x00, 0x00, 0x02, 0x52, 0x00, 0x00, 0xf8, 0x11, 0x40, 0x9b, 0x20, 0x10, 0x00, 0x40, 0xdb, 0x20, 0x00, 0x08, 0x40, 0xdb, 0x21, 0x08, 0x00, 0x40, 0x9b, 0x28, 0x40, 0x00, 0x40, 0xdb, 0x28, 0x88, 0x01, 0x40, 0x1b, 0x36, 0x10, 0x40, 0x40, 0xdb, 0x37, 0x00, 0x01, 0x40, 0x5b, 0x28, 0x68, 0x00, 0x40, 0x5b, 0x38, 0xa2, 0x01, 0x40, 0x1b, 0x38, 0x00, 0x02, 0x40, 0x5b, 0x24, 0xff, 0x80, 0x40, 0x1b, 0x28, 0x6f, 0x03, 0x40, 0x5b, 0x3c, 0x40, 0x10, 0x40, 0x9b, 0x3c, 0x3c, 0x10, 0x40, 0x5b, 0x36, 0x01, 0x00, 0x40, 0xdb, 0x36, 0x2c, 0x00, 0x40, 0x1b, 0x37, 0xcc, 0xcc, 0x40, 0x5b, 0x37, 0x15, 0x15, 0x40, 0x9b, 0x37, 0x15, 0x15, 0x48, 0x1b, 0x00, 0x00, 0x00, 0x02, 0x00, 0x48, 0x1b, 0x00, 0xff, 0xff, 0x02, 0x00, 0x48, 0x5b, 0x00, 0x00, 0x00, 0x20, 0x00, 0x48, 0x1b, 0x20, 0x00, 0x00, 0x01, 0x00, 0x48, 0xdb, 0x25, 0xff, 0xff, 0x02, 0x00, 0x48, 0x1b, 0x20, 0xff, 0xff, 0x01, 0x00, 0x48, 0x1b, 0x24, 0x01, 0x00, 0x01, 0x70, 0x55, 0x9b, 0x24, 0xff, 0xff, 0x01, 0x00, 0x48, 0x1b, 0x24, 0x01, 0x40, 0x09, 0x70, 0x0d, 0xd0, 0x07, 0x00, 0x00, 0x40, 0xdb, 0x36, 0x2b, 0x00, 0x40, 0x1b, 0x37, 0xbb, 0xbb, 0x40, 0x5b, 0x36, 0x03, 0x00, 0x0d, 0xd0, 0x07, 0x00, 0x00, 0x40, 0xdb, 0x36, 0xaa, 0x00, 0x40, 0x1b, 0x37, 0xaa, 0xaa, 0x0d, 0xd0, 0x07, 0x00, 0x00, 0x48, 0x1b, 0x00, 0x00, 0x00, 0x00, 0x04, 0x48, 0x1b, 0x00, 0x00, 0x00, 0x00, 0x08, 0x48, 0x1a, 0x00, 0xff, 0xff, 0x01, 0x00, 0x48, 0x1a, 0x01, 0x00, 0x00, 0x04, 0x00, 0x48, 0x9a, 0x00, 0xff, 0xff, 0x01, 0x00, 0x48, 0x5a, 0x00, 0xff, 0xff, 0x02, 0x00, 0x48, 0x1a, 0x08, 0xff, 0xff, 0x01, 0x00, 0x48, 0x1a, 0x08, 0xff, 0xff, 0x02, 0x00, 0x0d, 0x00, 0x12, 0x00, 0x00, 0x48, 0x1a, 0x08, 0xff, 0xff, 0x04, 0x00, 0x48, 0x1b, 0x24, 0xff, 0xff, 0x02, 0x00, 0x55, 0x9b, 0x24, 0xff, 0xff, 0x01, 0x00, 0x48, 0x1b, 0x24, 0x00, 0x00, 0x02, 0x00, 0x00, 0x00, 0x00, 0x02, 0x52, 0x00, 0x00, 0x98, 0x12, 0x40, 0x9b, 0x20, 0x10, 0x00, 0x40, 0xdb, 0x20, 0x00, 0x08, 0x40, 0xdb, 0x21, 0x08, 0x00, 0x40, 0x9b, 0x28, 0x40, 0x00, 0x40, 0xdb, 0x28, 0x88, 0x01, 0x40, 0x1b, 0x36, 0x10, 0x40, 0x40, 0xdb, 0x37, 0x00, 0x01, 0x40, 0x5b, 0x28, 0x68, 0x00, 0x40, 0x5b, 0x38, 0xa2, 0x01, 0x40, 0x1b, 0x38, 0x00, 0x02, 0x40, 0x5b, 0x24, 0xff, 0x80, 0x40, 0x1b, 0x28, 0x8f, 0x03, 0x40, 0x5b, 0x3c, 0x40, 0x10, 0x40, 0x9b, 0x3c, 0x3c, 0x10, 0x40, 0x5b, 0x36, 0x01, 0x00, 0x40, 0xdb, 0x36, 0x2c, 0x00, 0x40, 0x1b, 0x37, 0xcc, 0xcc, 0x40, 0x5b, 0x37, 0x15, 0x15, 0x40, 0x9b, 0x37, 0x15, 0x15, 0x48, 0x1b, 0x00, 0x00, 0x00, 0x02, 0x00, 0x48, 0x1b, 0x00, 0xff, 0xff, 0x02, 0x00, 0x48, 0x5b, 0x00, 0x00, 0x00, 0x20, 0x00, 0x48, 0x1b, 0x20, 0x00, 0x00, 0x01, 0x00, 0x48, 0xdb, 0x25, 0xff, 0xff, 0x02, 0x00, 0x48, 0x1b, 0x20, 0xff, 0xff, 0x01, 0x00, 0x48, 0x1b, 0x24, 0x01, 0x00, 0x01, 0x70, 0x55, 0x9b, 0x24, 0xff, 0xff, 0x01, 0x00, 0x48, 0x1b, 0x24, 0x01, 0x40, 0x09, 0x70, 0x0d, 0xd0, 0x07, 0x00, 0x00, 0x40, 0xdb, 0x36, 0x2a, 0x00, 0x40, 0x1b, 0x37, 0xaa, 0xaa, 0x40, 0x5b, 0x36, 0x07, 0x00, 0x0d, 0xe8, 0x03, 0x00, 0x00, 0x40, 0x5b, 0x77, 0xa9,
	0x52, 0x9c, 0x3f, 0x86, 0x80, 0x7e, 0x48, 0xbf, 0x36, 0xff, 0x01, 0x0d, 0xe8, 0x03, 0x00, 0x00, 0x40, 0xdb, 0x36, 0xaa, 0x00, 0x0d, 0xd0, 0x07, 0x00, 0x00, 0x48, 0x1b, 0x00, 0x00, 0x00, 0x00, 0x04, 0x48, 0x1b, 0x00, 0x00, 0x00, 0x00, 0x08, 0x48, 0x1a, 0x00, 0xff, 0xff, 0x01, 0x00, 0x48, 0x1a, 0x01, 0x00, 0x00, 0x04, 0x00, 0x48, 0x9a, 0x00, 0xff, 0xff, 0x01, 0x00, 0x48, 0x5a, 0x00, 0xff, 0xff, 0x02, 0x00, 0x48, 0x1a, 0x08, 0xff, 0xff, 0x01, 0x00, 0x48, 0x1a, 0x08, 0xff, 0xff, 0x02, 0x00, 0x0d, 0x00, 0x12, 0x00, 0x00, 0x48, 0x1a, 0x08, 0xff, 0xff, 0x04, 0x00, 0x48, 0x1b, 0x24, 0xff, 0xff, 0x02, 0x00, 0x55, 0x9b, 0x24, 0xff, 0xff, 0x01, 0x00, 0x48, 0x1b, 0x24, 0x00, 0x00, 0x02, 0x00, 0x40, 0x5b, 0x3c, 0x20, 0x10, 0x00, 0x50, 0xb3, 0x00, 0x00, 0x58, 0x02, 0x40, 0x1b, 0x36, 0x00, 0x40, 0x40, 0x5b, 0x38, 0xa2, 0x01, 0x40, 0x1b, 0x38, 0x00, 0x02, 0x40, 0xdb, 0x36, 0xa6, 0x00, 0x40, 0x1b, 0x37, 0x66, 0x66, 0x40, 0x5b, 0x24, 0xff, 0x89, 0x48, 0x1b, 0x24, 0x01, 0x40, 0x01, 0x70, 0x00, 0xb7, 0xc5, 0x00, 0x00, 0x38, 0x0a, 0x00, 0x1b, 0x00, 0x34, 0xfc, 0x00, 0x5b, 0x00, 0x00, 0xff, 0x00, 0x9b, 0x00, 0xf0, 0x19, 0x00, 0xdb, 0x00, 0x00, 0x00, 0x00, 0x1b, 0x01, 0x00, 0x44, 0x00, 0x5b, 0x01, 0x30, 0x22, 0x00, 0x9b, 0x01, 0x3b, 0x66, 0x00, 0xdb, 0x01, 0x00, 0x00, 0x00, 0x1b, 0x02, 0xff, 0x00, 0x00, 0x5b, 0x02, 0x14, 0x03, 0x00, 0xdb, 0x03, 0x3f, 0x3f, 0x08, 0x1b, 0x04, 0xa9, 0x41, 0x87, 0xff, 0x00, 0x5b, 0x04, 0x00, 0x00, 0x00, 0x9b, 0x04, 0x30, 0x00, 0x00, 0xdb, 0x04, 0x00, 0x00, 0x00, 0x1b, 0x05, 0x10, 0x00, 0x00, 0x5b, 0x05, 0x00, 0x00, 0x00, 0x9b, 0x05, 0x00, 0x00, 0x00, 0xdb, 0x05, 0x00, 0x00, 0x00, 0x5b, 0x06, 0x3e, 0xd2, 0x00, 0x9b, 0x06, 0x41, 0x77, 0x00, 0xdb, 0x06, 0x3e, 0x52, 0x00, 0x1b, 0x07, 0x67, 0x77, 0x00, 0x5b, 0x07, 0x3e, 0x52, 0x00, 0x9b, 0x07, 0x40, 0x77, 0x00, 0x5b, 0x08, 0x01, 0xa4, 0x00, 0x9b, 0x08, 0x00, 0x00, 0x00, 0xdb, 0x08, 0xc9, 0x8c, 0x08, 0x5b, 0x00, 0xff, 0xff, 0x02, 0x00, 0x08, 0x1b, 0x01, 0x00, 0x00, 0x00, 0x04, 0x08, 0xdb, 0x03, 0x00, 0x00, 0x00, 0x01, 0x00, 0x00, 0x00, 0x54, 0x90, 0x00, 0x00, 0x38, 0x0a, 0x00, 0x1b, 0x00, 0xa6, 0xfb, 0x00, 0x5b, 0x00, 0xe0, 0x5e, 0x00, 0x9b, 0x00, 0xf0, 0x04, 0x00, 0xdb, 0x00, 0x00, 0x00, 0x00, 0x1b, 0x01, 0x00, 0x44, 0x00, 0x5b, 0x01, 0x30, 0x22, 0x00, 0x9b, 0x01, 0x5b, 0x66, 0x00, 0xdb, 0x01, 0x00, 0x00, 0x00, 0x1b, 0x02, 0xaa, 0x00, 0x00, 0x5b, 0x02, 0xf4, 0x01, 0x00, 0xdb, 0x03, 0x3f, 0x3f, 0x08, 0x1b, 0x04, 0xa9, 0x79, 0x87, 0xff, 0x00, 0x5b, 0x04, 0x00, 0x00, 0x00, 0x9b, 0x04, 0x30, 0x00, 0x00, 0xdb, 0x04, 0x00, 0x00, 0x00, 0x1b, 0x05, 0x08, 0x00, 0x00, 0x5b, 0x05, 0x00, 0x00, 0x00, 0x9b, 0x05, 0x00, 0x80, 0x00, 0xdb, 0x05, 0x00, 0x00, 0x00, 0x5b, 0x06, 0x3e, 0x9b, 0x00, 0x9b, 0x06, 0x41, 0x77, 0x00, 0xdb, 0x06, 0x3e, 0x1b, 0x00, 0x1b, 0x07, 0x67, 0x77, 0x00, 0x5b, 0x07, 0x3e, 0x1b, 0x00, 0x9b, 0x07, 0x40, 0x77, 0x00, 0x5b, 0x08, 0x01, 0xc6, 0x00, 0x9b, 0x08, 0x00, 0x00, 0x00, 0xdb, 0x08, 0x6d, 0xb8, 0x08, 0x5b, 0x00, 0xff, 0xff, 0x02, 0x00, 0x08, 0x1b, 0x01, 0x00, 0x00, 0x00, 0x04, 0x08, 0xdb, 0x03, 0x00, 0x00, 0x00, 0x01, 0x00, 0x00, 0x00, 0x08, 0xe1, 0x00, 0x00, 0x38, 0x0a, 0x00, 0x1b, 0x00, 0xa6, 0xfb, 0x00, 0x5b, 0x00, 0xe0, 0x5e, 0x00, 0x9b, 0x00, 0xf0, 0x04, 0x00, 0xdb, 0x00, 0x00, 0x00, 0x00, 0x1b, 0x01, 0x00, 0x44, 0x00, 0x5b, 0x01, 0x30, 0x22, 0x00, 0x9b, 0x01, 0x5b, 0x66, 0x00, 0xdb, 0x01, 0x00, 0x00, 0x00, 0x1b, 0x02, 0xaa, 0x00, 0x00, 0x5b, 0x02, 0xf0, 0x01, 0x00, 0xdb, 0x03, 0x3f, 0x3f, 0x08, 0x1b, 0x04, 0xa9, 0x79, 0x87, 0xff, 0x00, 0x5b, 0x04, 0x00, 0x00, 0x00, 0x9b, 0x04, 0x30, 0x00, 0x00, 0xdb, 0x04, 0x00, 0x00, 0x00, 0x1b, 0x05, 0x08, 0x00, 0x00, 0x5b, 0x05, 0x00, 0x00, 0x00, 0x9b, 0x05, 0x00, 0x80, 0x00, 0xdb, 0x05, 0x00, 0x00, 0x00, 0x5b, 0x06, 0x3e, 0x9b, 0x00, 0x9b, 0x06, 0x41, 0x77, 0x00, 0xdb, 0x06, 0x3e, 0x9b, 0x00, 0x1b, 0x07, 0x41, 0x77, 0x00, 0x5b, 0x07, 0x3e, 0x1b, 0x00, 0x9b, 0x07, 0x40, 0x77, 0x00, 0x5b, 0x08, 0x00, 0xc6, 0x00, 0x9b, 0x08, 0x00, 0x00, 0x00, 0xdb, 0x08, 0x6d, 0x8c, 0x08, 0x5b, 0x00, 0xff, 0xff, 0x02, 0x00, 0x08, 0x1b, 0x01, 0x00, 0x00, 0x00, 0x04, 0x08, 0xdb, 0x03, 0x00, 0x00, 0x00, 0x01, 0x00, 0x00, 0x00, 0x9e, 0x08, 0x00, 0x00, 0x38, 0x0a, 0x00, 0x1b, 0x00, 0xa6, 0xfb, 0x00, 0x5b, 0x00, 0xe0, 0x5e, 0x00, 0x9b, 0x00, 0xf0, 0x04, 0x00, 0xdb, 0x00, 0x00, 0x00, 0x00, 0x1b, 0x01, 0x00, 0x44, 0x00, 0x5b, 0x01, 0x30, 0x22, 0x00, 0x9b, 0x01, 0x5b, 0x66, 0x00, 0xdb, 0x01, 0x00, 0x00, 0x00, 0x1b, 0x02, 0xaa, 0x00, 0x00, 0x5b, 0x02, 0xf4, 0x01, 0x00, 0xdb, 0x03, 0x3f, 0x3f, 0x08, 0x1b, 0x04, 0xa9, 0x79, 0x87, 0xff, 0x00, 0x5b, 0x04, 0x00, 0x00, 0x00, 0x9b, 0x04, 0x30, 0x00, 0x00, 0xdb, 0x04, 0x00, 0x00, 0x00, 0x1b, 0x05, 0x00, 0x00, 0x00, 0x5b, 0x05, 0x00, 0x00, 0x00, 0x9b, 0x05, 0x00, 0x80, 0x00, 0xdb, 0x05, 0x00, 0x00, 0x00, 0x5b, 0x06, 0x3e, 0xd2, 0x00, 0x9b, 0x06, 0x41, 0x77, 0x00, 0xdb, 0x06, 0x3e, 0xd2, 0x00, 0x1b, 0x07, 0x41, 0x77, 0x00, 0x5b, 0x07, 0x3e, 0x52, 0x00, 0x9b, 0x07, 0x40, 0x77, 0x00, 0x5b, 0x08, 0x00, 0xa4, 0x00, 0x9b, 0x08, 0x00, 0x00, 0x00, 0xdb, 0x08, 0x49, 0xb8, 0x08, 0x5b, 0x00, 0xff, 0xff, 0x02, 0x00, 0x08, 0x1b, 0x01, 0x00, 0x00, 0x00, 0x04, 0x08, 0xdb, 0x03, 0x00, 0x00, 0x00, 0x01, 0x00, 0x00, 0x00, 0xbe, 0x97, 0x00, 0x00, 0x38, 0x0a, 0x00, 0x1b, 0x00, 0xa6, 0xfb, 0x00, 0x5b, 0x00, 0xa0, 0x7e, 0x00, 0x9b, 0x00, 0xf0, 0x05, 0x00, 0xdb, 0x00, 0x00, 0x00, 0x00, 0x1b, 0x01, 0x00, 0x44, 0x00, 0x5b, 0x01, 0x30, 0x22, 0x00, 0x9b, 0x01, 0x5b, 0x66, 0x00, 0xdb, 0x01, 0x00, 0x00, 0x00, 0x1b, 0x02, 0xaa, 0x00, 0x00, 0x5b, 0x02, 0xf4, 0x01, 0x00, 0xdb, 0x03, 0x3f, 0x3f, 0x08, 0x1b, 0x04, 0xa9, 0x79, 0x87, 0xff, 0x00, 0x5b, 0x04, 0x00, 0x00, 0x00, 0x9b, 0x04, 0x30, 0x00, 0x00, 0xdb, 0x04, 0x00, 0x00, 0x00, 0x1b, 0x05, 0x00, 0x00, 0x00, 0x5b, 0x05, 0x00, 0x00, 0x00, 0x9b, 0x05, 0x00, 0x80, 0x00, 0xdb, 0x05, 0x00, 0x00, 0x00, 0x5b, 0x06, 0x3e, 0x9b, 0x00, 0x9b, 0x06, 0x41, 0x77, 0x00, 0xdb, 0x06, 0x3e, 0x9b, 0x00, 0x1b, 0x07, 0x41, 0x77, 0x00, 0x5b, 0x07, 0x3e, 0x1b, 0x00, 0x9b, 0x07, 0x40, 0x77, 0x00, 0x5b, 0x08, 0x00, 0xc6, 0x00, 0x9b, 0x08, 0x00, 0x00, 0x00, 0xdb, 0x08, 0x6d, 0xb8, 0x08, 0x5b, 0x00, 0xff, 0xff, 0x02, 0x00, 0x08, 0x1b, 0x01, 0x00, 0x00, 0x00, 0x04, 0x08, 0xdb, 0x03, 0x00, 0x00, 0x70, 0x6e,
	0x52, 0x9c, 0x3f, 0x86, 0xc0, 0xbd, 0x48, 0xbf, 0x00, 0x01, 0x00, 0x00, 0x00, 0xc6, 0x21, 0x00, 0x00, 0x28, 0x10, 0x08, 0x9b, 0x05, 0x00, 0x00, 0x00, 0x80, 0x08, 0x1b, 0x04, 0x00, 0x00, 0x00, 0x01, 0x0d, 0x0a, 0x00, 0x00, 0x00, 0x40, 0x1b, 0x3b, 0x00, 0x00, 0x40, 0x1b, 0x3a, 0x50, 0x15, 0x40, 0x5b, 0x3a, 0x1c, 0x24, 0x40, 0x9b, 0x26, 0x41, 0x3f, 0x40, 0x5b, 0x26, 0x46, 0x3a, 0x40, 0x1b, 0x26, 0x00, 0x00, 0x40, 0x1b, 0x27, 0x00, 0x00, 0x40, 0xdb, 0x26, 0x00, 0x00, 0x40, 0x5b, 0x20, 0x10, 0x00, 0x40, 0x5b, 0x21, 0x00, 0x00, 0x40, 0x9b, 0x20, 0x10, 0x01, 0x40, 0xdb, 0x20, 0x00, 0x08, 0x40, 0xdb, 0x21, 0x08, 0x00, 0x40, 0x9b, 0x28, 0x00, 0x00, 0x40, 0xdb, 0x28, 0x88, 0x01, 0x40, 0x1b, 0x3c, 0x20, 0x40, 0x40, 0x1b, 0x36, 0x80, 0x40, 0x40, 0xdb, 0x37, 0x00, 0x01, 0x40, 0x5b, 0x28, 0x50, 0x00, 0x40, 0x5b, 0x38, 0xa2, 0x01, 0x40, 0x1b, 0x38, 0x00, 0x02, 0x40, 0x5b, 0x24, 0xff, 0x80, 0x40, 0x5b, 0x3c, 0x40, 0x10, 0x40, 0x9b, 0x3c, 0x3c, 0x10, 0x40, 0x1b, 0x3d, 0x20, 0x20, 0x40, 0x5b, 0x36, 0x00, 0x00, 0x40, 0xdb, 0x36, 0xab, 0x00, 0x40, 0x1b, 0x37, 0xbb, 0xbb, 0x40, 0x5b, 0x37, 0x0b, 0x0b, 0x40, 0x9b, 0x37, 0x0b, 0x0b, 0x48, 0x1b, 0x00, 0x00, 0x00, 0x02, 0x00, 0x48, 0x1b, 0x00, 0xff, 0xff, 0x02, 0x00, 0x48, 0x5b, 0x00, 0x00, 0x00, 0x20, 0x00, 0x48, 0x1b, 0x20, 0x00, 0x00, 0x01, 0x00, 0x48, 0x1b, 0x28, 0xff, 0xff, 0x10, 0x00, 0x48, 0x1b, 0x20, 0xff, 0xff, 0x01, 0x00, 0x48, 0x1b, 0x24, 0x01, 0x50, 0x01, 0x70, 0x55, 0x9b, 0x24, 0xff, 0xff, 0x01, 0x00, 0x48, 0x9b, 0x25, 0xff, 0xff, 0x02, 0x00, 0x48, 0x1b, 0x00, 0x00, 0x00, 0x02, 0x00, 0x08, 0x9b, 0x05, 0xff, 0xff, 0x00, 0x80, 0x08, 0x1b, 0x04, 0xff, 0xff, 0x00, 0x01, 0x0d, 0x0a, 0x00, 0x00, 0x00, 0x27, 0x52, 0x00, 0x00, 0x28, 0x10, 0x08, 0x9b, 0x05, 0x00, 0x00, 0x00, 0x80, 0x08, 0x1b, 0x04, 0x00, 0x00, 0x00, 0x01, 0x0d, 0x0a, 0x00, 0x00, 0x00, 0x40, 0x1b, 0x3b, 0x00, 0x00, 0x40, 0x1b, 0x3a, 0x50, 0x25, 0x40, 0x5b, 0x3a, 0x1c, 0x24, 0x40, 0x9b, 0x26, 0x41, 0x3f, 0x40, 0x5b, 0x26, 0x46, 0x3a, 0x40, 0x1b, 0x26, 0x01, 0x00, 0x40, 0x1b, 0x27, 0x00, 0x00, 0x40, 0xdb, 0x26, 0x00, 0x00, 0x40, 0x5b, 0x20, 0x10, 0x00, 0x40, 0x5b, 0x21, 0x00, 0x00, 0x40, 0x9b, 0x20, 0x10, 0x01, 0x40, 0xdb, 0x20, 0x00, 0x08, 0x40, 0xdb, 0x21, 0x08, 0x00, 0x40, 0x9b, 0x28, 0x00, 0x00, 0x40, 0xdb, 0x28, 0x88, 0x01, 0x40, 0x1b, 0x3c, 0x20, 0x40, 0x40, 0x1b, 0x36, 0x80, 0x40, 0x40, 0xdb, 0x37, 0x00, 0x01, 0x40, 0x5b, 0x28, 0x50, 0x00, 0x40, 0x5b, 0x38, 0xa2, 0x01, 0x40, 0x1b, 0x38, 0x00, 0x02, 0x40, 0x5b, 0x24, 0xff, 0x80, 0x40, 0x5b, 0x3c, 0x40, 0x10, 0x40, 0x9b, 0x3c, 0x3c, 0x10, 0x40, 0x1b, 0x3d, 0x20, 0x20, 0x40, 0x5b, 0x36, 0x00, 0x00, 0x40, 0xdb, 0x36, 0xab, 0x00, 0x40, 0x1b, 0x37, 0xbb, 0xbb, 0x40, 0x5b, 0x37, 0x0b, 0x0b, 0x40, 0x9b, 0x37, 0x0b, 0x0b, 0x48, 0x1b, 0x00, 0x00, 0x00, 0x02, 0x00, 0x48, 0x1b, 0x00, 0xff, 0xff, 0x02, 0x00, 0x48, 0x5b, 0x00, 0x00, 0x00, 0x20, 0x00, 0x48, 0x1b, 0x20, 0x00, 0x00, 0x01, 0x00, 0x48, 0x1b, 0x28, 0xff, 0xff, 0x10, 0x00, 0x48, 0x1b, 0x20, 0xff, 0xff, 0x01, 0x00, 0x48, 0x1b, 0x24, 0x01, 0x50, 0x01, 0x70, 0x55, 0x9b, 0x24, 0xff, 0xff, 0x01, 0x00, 0x48, 0x9b, 0x25, 0xff, 0xff, 0x02, 0x00, 0x48, 0x1b, 0x00, 0x00, 0x00, 0x02, 0x00, 0x08, 0x9b, 0x05, 0xff, 0xff, 0x00, 0x80, 0x08, 0x1b, 0x04, 0xff, 0xff, 0x00, 0x01, 0x0d, 0x0a, 0x00, 0x00, 0x00, 0x19, 0x37, 0x00, 0x00, 0xc8, 0x17, 0x08, 0x9b, 0x06, 0x00, 0x00, 0x01, 0x00, 0x08, 0x5b, 0x06, 0x00, 0x00, 0x80, 0x00, 0x0d, 0x01, 0x00, 0x00, 0x00, 0x08, 0x5b, 0x06, 0xff, 0xff, 0x80, 0x00, 0x08, 0x1b, 0x1c, 0xff, 0xff, 0x08, 0x00, 0x08, 0x1b, 0x1c, 0xff, 0xff, 0x04, 0x00, 0x08, 0x1b, 0x1c, 0xff, 0xff, 0x01, 0x00, 0x15, 0x1b, 0x1c, 0xff, 0xff, 0x10, 0x00, 0x08, 0x9b, 0x06, 0xff, 0xff, 0x01, 0x00, 0x08, 0x1b, 0x07, 0x00, 0x00, 0x01, 0x00, 0x08, 0xdb, 0x06, 0x00, 0x00, 0x80, 0x00, 0x0d, 0x01, 0x00, 0x00, 0x00, 0x08, 0xdb, 0x06, 0xff, 0xff, 0x80, 0x00, 0x08, 0x9b, 0x1c, 0xff, 0xff, 0x08, 0x00, 0x08, 0x9b, 0x1c, 0xff, 0xff, 0x04, 0x00, 0x08, 0x9b, 0x1c, 0xff, 0xff, 0x01, 0x00, 0x15, 0x9b, 0x1c, 0xff, 0xff, 0x10, 0x00, 0x08, 0x1b, 0x07, 0xff, 0xff, 0x01, 0x00, 0x08, 0x9b, 0x05, 0x00, 0x00, 0x00, 0x80, 0x08, 0x1b, 0x04, 0x00, 0x00, 0x00, 0x01, 0x0d, 0x0a, 0x00, 0x00, 0x00, 0x40, 0x1b, 0x3b, 0x00, 0x00, 0x40, 0x1b, 0x3a, 0x60, 0x16, 0x40, 0x5b, 0x3a, 0x1c, 0x24, 0x40, 0x9b, 0x26, 0x41, 0x3f, 0x40, 0x5b, 0x26, 0x46, 0x3a, 0x40, 0x1b, 0x26, 0x11, 0x00, 0x40, 0x1b, 0x27, 0x00, 0x00, 0x40, 0xdb, 0x26, 0x00, 0x00, 0x40, 0x5b, 0x20, 0x10, 0x00, 0x40, 0x5b, 0x21, 0x00, 0x00, 0x40, 0x9b, 0x20, 0x10, 0x01, 0x40, 0xdb, 0x20, 0x00, 0x08, 0x40, 0xdb, 0x21, 0x08, 0x00, 0x40, 0x9b, 0x28, 0x00, 0x00, 0x40, 0xdb, 0x28, 0x88, 0x01, 0x40, 0x1b, 0x3c, 0x20, 0x40, 0x40, 0x1b, 0x36, 0x80, 0x40, 0x40, 0xdb, 0x37, 0x00, 0x01, 0x40, 0x5b, 0x28, 0x50, 0x00, 0x40, 0x5b, 0x38, 0xa2, 0x01, 0x40, 0x1b, 0x38, 0x00, 0x02, 0x40, 0x5b, 0x24, 0xff, 0x80, 0x40, 0x5b, 0x3c, 0x40, 0x10, 0x40, 0x9b, 0x3c, 0x3c, 0x10, 0x40, 0x1b, 0x3d, 0x20, 0x20, 0x40, 0x5b, 0x36, 0x00, 0x00, 0x40, 0xdb, 0x36, 0xab, 0x00, 0x40, 0x1b, 0x37, 0xbb, 0xbb, 0x40, 0x5b, 0x37, 0x0b, 0x0b, 0x40, 0x9b, 0x37, 0x0b, 0x0b, 0x48, 0x1b, 0x00, 0x00, 0x00, 0x02, 0x00, 0x48, 0x1b, 0x00, 0xff, 0xff, 0x02, 0x00, 0x48, 0x5b, 0x00, 0x00, 0x00, 0x20, 0x00, 0x48, 0x1b, 0x20, 0x00, 0x00, 0x01, 0x00, 0x48, 0x1b, 0x28, 0xff, 0xff, 0x10, 0x00, 0x48, 0x1b, 0x20, 0xff, 0xff, 0x01, 0x00, 0x48, 0x1b, 0x24, 0x01, 0x50, 0x01, 0x70, 0x55, 0x9b, 0x24, 0xff, 0xff, 0x01, 0x00, 0x48, 0x9b, 0x25, 0xff, 0xff, 0x02, 0x00, 0x48, 0x1b, 0x00, 0x00, 0x00, 0x02, 0x00, 0x08, 0x9b, 0x05, 0xff, 0xff, 0x00, 0x80, 0x08, 0x1b, 0x04, 0xff, 0xff, 0x00, 0x01, 0x0d, 0x0a, 0x00, 0x00, 0x00, 0x00, 0x00, 0xeb, 0xf4, 0x00, 0x00, 0xc8, 0x17, 0x08, 0x9b, 0x06, 0x00, 0x00, 0x01, 0x00, 0x08, 0x5b, 0x06, 0x00, 0x00, 0x80, 0x00, 0x0d, 0x01, 0x00, 0x00, 0x00, 0x08, 0x5b, 0x06, 0xff, 0xff, 0x80, 0x00, 0x08, 0x1b, 0x1c, 0xff, 0xff, 0x08, 0x00, 0x08, 0x1b, 0x1c, 0xff, 0xff, 0x04, 0x00, 0x08, 0x1b, 0x1c, 0xff, 0xff, 0x01, 0x00, 0x15, 0x1b, 0x1c, 0xff, 0xff, 0x10, 0x00, 0x08, 0x9b, 0x06, 0xff, 0xff, 0x01, 0x00, 0x08, 0x1b, 0x07, 0x00, 0x00, 0x01, 0x00, 0x08, 0xdb, 0x06, 0x00, 0x00, 0x80, 0x00, 0x0d, 0x01, 0x00, 0x00, 0x00, 0x08, 0xdb, 0x06, 0xff, 0xff, 0xd8, 0x22,
	0x52, 0x9c, 0x3f, 0x86, 0x00, 0xfd, 0x48, 0xbf, 0x80, 0x00, 0x08, 0x9b, 0x1c, 0xff, 0xff, 0x08, 0x00, 0x08, 0x9b, 0x1c, 0xff, 0xff, 0x04, 0x00, 0x08, 0x9b, 0x1c, 0xff, 0xff, 0x01, 0x00, 0x15, 0x9b, 0x1c, 0xff, 0xff, 0x10, 0x00, 0x08, 0x1b, 0x07, 0xff, 0xff, 0x01, 0x00, 0x08, 0x9b, 0x05, 0x00, 0x00, 0x00, 0x80, 0x08, 0x1b, 0x04, 0x00, 0x00, 0x00, 0x01, 0x0d, 0x0a, 0x00, 0x00, 0x00, 0x40, 0x1b, 0x3b, 0x00, 0x00, 0x40, 0x1b, 0x3a, 0x60, 0x26, 0x40, 0x5b, 0x3a, 0x1c, 0x24, 0x40, 0x9b, 0x26, 0x41, 0x3f, 0x40, 0x5b, 0x26, 0x46, 0x3a, 0x40, 0x1b, 0x26, 0x12, 0x00, 0x40, 0x1b, 0x27, 0x00, 0x00, 0x40, 0xdb, 0x26, 0x00, 0x00, 0x40, 0x5b, 0x20, 0x10, 0x00, 0x40, 0x5b, 0x21, 0x00, 0x00, 0x40, 0x9b, 0x20, 0x10, 0x01, 0x40, 0xdb, 0x20, 0x00, 0x08, 0x40, 0xdb, 0x21, 0x08, 0x00, 0x40, 0x9b, 0x28, 0x00, 0x00, 0x40, 0xdb, 0x28, 0xc0, 0x0f, 0x40, 0x1b, 0x3c, 0x20, 0x40, 0x40, 0x1b, 0x36, 0x80, 0x40, 0x40, 0xdb, 0x37, 0x00, 0x01, 0x40, 0x5b, 0x28, 0x50, 0x00, 0x40, 0x5b, 0x38, 0xa2, 0x01, 0x40, 0x1b, 0x38, 0x00, 0x02, 0x40, 0x5b, 0x24, 0xff, 0x80, 0x40, 0x5b, 0x3c, 0x40, 0x10, 0x40, 0x9b, 0x3c, 0x3c, 0x10, 0x40, 0x1b, 0x3d, 0x20, 0x20, 0x40, 0x5b, 0x36, 0x00, 0x00, 0x40, 0xdb, 0x36, 0xab, 0x00, 0x40, 0x1b, 0x37, 0xbb, 0xbb, 0x40, 0x5b, 0x37, 0x0b, 0x0b, 0x40, 0x9b, 0x37, 0x0b, 0x0b, 0x48, 0x1b, 0x00, 0x00, 0x00, 0x02, 0x00, 0x48, 0x1b, 0x00, 0xff, 0xff, 0x02, 0x00, 0x48, 0x5b, 0x00, 0x00, 0x00, 0x20, 0x00, 0x48, 0x1b, 0x20, 0x00, 0x00, 0x01, 0x00, 0x48, 0x1b, 0x28, 0xff, 0xff, 0x10, 0x00, 0x48, 0x1b, 0x20, 0xff, 0xff, 0x01, 0x00, 0x48, 0x1b, 0x24, 0x01, 0x50, 0x01, 0x70, 0x55, 0x9b, 0x24, 0xff, 0xff, 0x01, 0x00, 0x48, 0x9b, 0x25, 0xff, 0xff, 0x02, 0x00, 0x48, 0x1b, 0x00, 0x00, 0x00, 0x02, 0x00, 0x08, 0x9b, 0x05, 0xff, 0xff, 0x00, 0x80, 0x08, 0x1b, 0x04, 0xff, 0xff, 0x00, 0x01, 0x0d, 0x0a, 0x00, 0x00, 0x00, 0x00, 0x00, 0x1f, 0xe3, 0x00, 0x00, 0x58, 0x09, 0xc8, 0x01, 0x07, 0x00, 0x00, 0x04, 0x00, 0xc8, 0x41, 0x07, 0x00, 0x00, 0x04, 0x00, 0x00, 0xdb, 0x04, 0x30, 0x00, 0x08, 0x9b, 0x02, 0x00, 0x00, 0x00, 0x80, 0x08, 0x1b, 0x01, 0x00, 0x00, 0x00, 0x01, 0x08, 0x5b, 0x01, 0xff, 0xff, 0x10, 0x00, 0x08, 0x5b, 0x01, 0xff, 0xff, 0x20, 0x00, 0x08, 0xdb, 0x02, 0xff, 0xff, 0x00, 0x10, 0x08, 0xdb, 0x1f, 0xff, 0xff, 0x00, 0x01, 0x0d, 0xe8, 0x03, 0x00, 0x00, 0x08, 0xdb, 0x1f, 0xff, 0xff, 0x01, 0x00, 0x08, 0xdb, 0x1f, 0xff, 0xff, 0x02, 0x00, 0x08, 0xdb, 0x1f, 0xff, 0xff, 0x00, 0x02, 0x0d, 0xe8, 0x03, 0x00, 0x00, 0x08, 0xdb, 0x1f, 0x00, 0x00, 0x00, 0x02, 0x0d, 0xe8, 0x03, 0x00, 0x00, 0x08, 0xdb, 0x1f, 0x00, 0x00, 0x02, 0x00, 0x08, 0xdb, 0x1f, 0xff, 0xff, 0x04, 0x00, 0x08, 0xdb, 0x1f, 0xff, 0xff, 0x00, 0x04, 0x0d, 0xe8, 0x03, 0x00, 0x00, 0x08, 0xdb, 0x1f, 0x00, 0x00, 0x00, 0x04, 0x0d, 0xe8, 0x03, 0x00, 0x00, 0x08, 0xdb, 0x1f, 0x00, 0x00, 0x04, 0x00, 0x00, 0xb1, 0xfa, 0x00, 0x00, 0x58, 0x09, 0xc8, 0xc1, 0x13, 0x02, 0x00, 0x0f, 0x00, 0xc8, 0x81, 0x13, 0x00, 0x00, 0x01, 0x00, 0xc8, 0x01, 0x07, 0x00, 0x00, 0x01, 0x00, 0xc8, 0x41, 0x07, 0x00, 0x00, 0x01, 0x00, 0xc8, 0x01, 0x12, 0x20, 0x00, 0x38, 0x00, 0xc8, 0x01, 0x12, 0xff, 0xff, 0x40, 0x00, 0xc8, 0x01, 0x12, 0xff, 0xff, 0x00, 0x08, 0xd5, 0x01, 0x12, 0xff, 0xff, 0x00, 0x10, 0xc8, 0x41, 0x07, 0xff, 0xff, 0x01, 0x00, 0xc8, 0x01, 0x07, 0xff, 0xff, 0x01, 0x00, 0xc8, 0xc1, 0x0c, 0x00, 0x00, 0x02, 0x00, 0xc8, 0xc1, 0x0c, 0x00, 0x00, 0x01, 0x00, 0xc0, 0xc1, 0x01, 0x1d, 0x00, 0xc0, 0x01, 0x02, 0x00, 0x00, 0xc0, 0x41, 0x02, 0x00, 0x50, 0xc0, 0x81, 0x02, 0x40, 0x21, 0xc0, 0xc1, 0x02, 0x01, 0x00, 0xc0, 0x01, 0x03, 0x00, 0x00, 0xc0, 0x41, 0x03, 0x00, 0x00, 0xc0, 0x81, 0x03, 0x00, 0x00, 0xc0, 0xc1, 0x03, 0x00, 0x00, 0xc0, 0x01, 0x04, 0x00, 0x00, 0xc0, 0x41, 0x04, 0x00, 0x00, 0xc0, 0x81, 0x04, 0x00, 0x00, 0xc0, 0xc1, 0x04, 0x00, 0x00, 0x00, 0xb5, 0x03, 0x00, 0x00, 0x58, 0x09, 0xc8, 0xc1, 0x17, 0x02, 0x00, 0x0f, 0x00, 0xc8, 0x81, 0x17, 0x00, 0x00, 0x01, 0x00, 0xc8, 0x01, 0x07, 0x00, 0x00, 0x01, 0x00, 0xc8, 0x41, 0x07, 0x00, 0x00, 0x01, 0x00, 0xc8, 0x01, 0x16, 0x20, 0x00, 0x38, 0x00, 0xc8, 0x01, 0x16, 0xff, 0xff, 0x40, 0x00, 0xc8, 0x01, 0x16, 0xff, 0xff, 0x00, 0x08, 0xd5, 0x01, 0x16, 0xff, 0xff, 0x00, 0x10, 0xc8, 0x41, 0x07, 0xff, 0xff, 0x01, 0x00, 0xc8, 0x01, 0x07, 0xff, 0xff, 0x01, 0x00, 0xc8, 0xc1, 0x0c, 0x00, 0x00, 0x02, 0x00, 0xc8, 0xc1, 0x0c, 0x00, 0x00, 0x01, 0x00, 0xc0, 0xc1, 0x01, 0x1d, 0x00, 0xc0, 0x01, 0x02, 0x00, 0x00, 0xc0, 0x41, 0x02, 0x00, 0x50, 0xc0, 0x81, 0x02, 0x40, 0x21, 0xc0, 0xc1, 0x02, 0x01, 0x00, 0xc0, 0x01, 0x03, 0x00, 0x00, 0xc0, 0x41, 0x03, 0x00, 0x00, 0xc0, 0x81, 0x03, 0x00, 0x00, 0xc0, 0xc1, 0x03, 0x00, 0x00, 0xc0, 0x01, 0x04, 0x00, 0x00, 0xc0, 0x41, 0x04, 0x00, 0x00, 0xc0, 0x81, 0x04, 0x00, 0x00, 0xc0, 0xc1, 0x04, 0x00, 0x00, 0x00, 0x67, 0xbd, 0x00, 0x00, 0x58, 0x1a, 0x00, 0x1b, 0x00, 0x34, 0xfc, 0x00, 0x5b, 0x00, 0x00, 0xff, 0x00, 0x9b, 0x00, 0xf0, 0x19, 0x00, 0xdb, 0x00, 0x00, 0x00, 0x00, 0x1b, 0x01, 0x00, 0x44, 0x00, 0x5b, 0x01, 0x30, 0x22, 0x00, 0x9b, 0x01, 0x3b, 0x66, 0x00, 0xdb, 0x01, 0x00, 0x00, 0x00, 0x1b, 0x02, 0xff, 0x00, 0x00, 0x5b, 0x02, 0x14, 0x03, 0x00, 0xdb, 0x03, 0x3f, 0x3f, 0x08, 0x1b, 0x04, 0xa9, 0x41, 0x87, 0xff, 0x00, 0x5b, 0x04, 0x00, 0x00, 0x00, 0x9b, 0x04, 0x30, 0x00, 0x00, 0xdb, 0x04, 0x00, 0x00, 0x00, 0x1b, 0x05, 0x10, 0x00, 0x00, 0x5b, 0x05, 0x00, 0x00, 0x00, 0x9b, 0x05, 0x00, 0x00, 0x00, 0xdb, 0x05, 0x00, 0x00, 0x00, 0x5b, 0x06, 0x3e, 0xd2, 0x00, 0x9b, 0x06, 0x41, 0x77, 0x00, 0xdb, 0x06, 0x3e, 0x52, 0x00, 0x1b, 0x07, 0x67, 0x77, 0x00, 0x5b, 0x07, 0x3e, 0x52, 0x00, 0x9b, 0x07, 0x40, 0x77, 0x00, 0x5b, 0x08, 0x01, 0xa4, 0x00, 0x9b, 0x08, 0x00, 0x00, 0x00, 0xdb, 0x08, 0xc9, 0x8c, 0x08, 0x5b, 0x00, 0xff, 0xff, 0x02, 0x00, 0x08, 0x1b, 0x01, 0x00, 0x00, 0x00, 0x04, 0x08, 0xdb, 0x03, 0x00, 0x00, 0x00, 0x01, 0x08, 0x9b, 0x05, 0x00, 0x00, 0x00, 0x80, 0x08, 0x1b, 0x04, 0x00, 0x00, 0x00, 0x01, 0x0d, 0x0a, 0x00, 0x00, 0x00, 0x40, 0x1b, 0x3b, 0x00, 0x00, 0x40, 0x1b, 0x3a, 0x50, 0x15, 0x40, 0x5b, 0x3a, 0x1c, 0x24, 0x40, 0x9b, 0x26, 0x41, 0x3f, 0x40, 0x5b, 0x26, 0x46, 0x3a, 0x40, 0x1b, 0x26, 0x00, 0x00, 0x40, 0x1b, 0x27, 0x00, 0x00, 0x40, 0xdb, 0x26, 0x00, 0x00, 0x40, 0x5b, 0x20, 0x10, 0x00, 0x40, 0x5b, 0x21, 0x00, 0x00, 0x40, 0x9b, 0x20, 0x10, 0x01, 0x40, 0xdb, 0x20, 0x00, 0x8c, 0xcf,
	0x52, 0x9c, 0x3f, 0x86, 0x40, 0x3c, 0x49, 0xbf, 0x08, 0x40, 0xdb, 0x21, 0x08, 0x00, 0x40, 0x9b, 0x28, 0x00, 0x00, 0x40, 0xdb, 0x28, 0x88, 0x01, 0x40, 0x1b, 0x3c, 0x20, 0x40, 0x40, 0x1b, 0x36, 0x80, 0x40, 0x40, 0xdb, 0x37, 0x00, 0x01, 0x40, 0x5b, 0x28, 0x50, 0x00, 0x40, 0x5b, 0x38, 0xa2, 0x01, 0x40, 0x1b, 0x38, 0x00, 0x02, 0x40, 0x5b, 0x24, 0xff, 0x80, 0x40, 0x5b, 0x3c, 0x40, 0x10, 0x40, 0x9b, 0x3c, 0x3c, 0x10, 0x40, 0x1b, 0x3d, 0x20, 0x20, 0x40, 0x5b, 0x36, 0x00, 0x00, 0x40, 0xdb, 0x36, 0xab, 0x00, 0x40, 0x1b, 0x37, 0xbb, 0xbb, 0x40, 0x5b, 0x37, 0x0b, 0x0b, 0x40, 0x9b, 0x37, 0x0b, 0x0b, 0x48, 0x1b, 0x00, 0x00, 0x00, 0x02, 0x00, 0x48, 0x1b, 0x00, 0xff, 0xff, 0x02, 0x00, 0x48, 0x5b, 0x00, 0x00, 0x00, 0x20, 0x00, 0x48, 0x1b, 0x20, 0x00, 0x00, 0x01, 0x00, 0x48, 0x1b, 0x28, 0xff, 0xff, 0x10, 0x00, 0x48, 0x1b, 0x20, 0xff, 0xff, 0x01, 0x00, 0x48, 0x1b, 0x24, 0x01, 0x50, 0x01, 0x70, 0x55, 0x9b, 0x24, 0xff, 0xff, 0x01, 0x00, 0x48, 0x9b, 0x25, 0xff, 0xff, 0x02, 0x00, 0x48, 0x1b, 0x00, 0x00, 0x00, 0x02, 0x00, 0x08, 0x9b, 0x05, 0xff, 0xff, 0x00, 0x80, 0x08, 0x1b, 0x04, 0xff, 0xff, 0x00, 0x01, 0x0d, 0x0a, 0x00, 0x00, 0x00, 0x00, 0xaf, 0x74, 0x00, 0x00, 0x04, 0x04, 0x81, 0x08, 0x00, 0x00, 0x00, 0x00, 0x24, 0x00, 0x00, 0x00, 0x20, 0x00, 0x00, 0x00, 0x00, 0x00, 0x03, 0x10, 0x77, 0xdc, 0x00, 0x39, 0x00, 0x00, 0x00, 0x00, 0x00, 0x00, 0x00, 0x00, 0x00, 0x00, 0x80, 0x00, 0x00, 0x00, 0x0c, 0x34, 0x41, 0x00, 0x10, 0x08, 0x00, 0x00, 0x44, 0x00, 0x22, 0x30, 0x66, 0x3b, 0x00, 0x00, 0x00, 0xff, 0x03, 0x14, 0x3f, 0x3f, 0x41, 0xa9, 0x00, 0x00, 0x00, 0x30, 0x00, 0x00, 0x00, 0x10, 0x00, 0x00, 0x00, 0x00, 0x00, 0x00, 0xfc, 0x34, 0x7f, 0x00, 0x19, 0xf8, 0x00, 0x00, 0x44, 0x00, 0x22, 0x30, 0x66, 0x3b, 0x00, 0x00, 0x00, 0xff, 0x03, 0x14, 0x3f, 0x3f, 0x41, 0xa9, 0x00, 0x00, 0x00, 0x30, 0x00, 0x00, 0x00, 0x10, 0x00, 0x00, 0x00, 0x00, 0x00, 0x00, 0xfc, 0x34, 0x7e, 0x80, 0x19, 0xf8, 0x00, 0x00, 0x44, 0x00, 0x22, 0x30, 0x66, 0x3b, 0x00, 0x00, 0x00, 0xff, 0x03, 0x14, 0x3f, 0x3f, 0x41, 0xa9, 0x00, 0x00, 0x00, 0x30, 0x00, 0x00, 0x00, 0x10, 0x00, 0x00, 0x00, 0x00, 0x00, 0x00, 0x04, 0x04, 0x81, 0x08, 0x00, 0x00, 0x00, 0x00, 0x24, 0x00, 0x00, 0x00, 0x20, 0x00, 0x00, 0x00, 0x00, 0x00, 0x03, 0x10, 0x77, 0xdc, 0x00, 0x39, 0x00, 0x00, 0x00, 0x00, 0x00, 0x00, 0x00, 0x00, 0x00, 0x00, 0x80, 0x00, 0x00, 0x00, 0x03, 0xa6, 0x42, 0xe0, 0x05, 0xf0, 0x7e, 0x00, 0x44, 0x00, 0x22, 0x30, 0x66, 0x1b, 0x00, 0x00, 0x00, 0xcc, 0x01, 0xf4, 0x3f, 0x3f, 0x79, 0xa9, 0x00, 0x00, 0x00, 0x30, 0x00, 0x00, 0x00, 0x08, 0x00, 0x00, 0x80, 0x00, 0x00, 0x00, 0x3b, 0xa6, 0x5e, 0xe0, 0x00, 0xb0, 0x00, 0x00, 0x44, 0x00, 0x22, 0x30, 0x66, 0x5b, 0x00, 0x00, 0x00, 0xaa, 0x01, 0x74, 0x3f, 0x3f, 0x79, 0xa9, 0x00, 0x00, 0x00, 0x30, 0x00, 0x00, 0x00, 0x08, 0x00, 0x00, 0x80, 0x00, 0x00, 0x00, 0xfb, 0xa6, 0x5e, 0xe0, 0x04, 0xf0, 0x00, 0x00, 0x44, 0x00, 0x22, 0x30, 0x66, 0x5b, 0x00, 0x00, 0x00, 0xaa, 0x01, 0xf4, 0x3f, 0x3f, 0x79, 0xa9, 0x00, 0x00, 0x00, 0x30, 0x00, 0x00, 0x00, 0x08, 0x00, 0x00, 0x80, 0x00, 0x00, 0x00, 0xfb, 0xa6, 0x7e, 0xe0, 0x05, 0xf0, 0x00, 0x00, 0x44, 0x00, 0x22, 0x30, 0x66, 0x5b, 0x00, 0x00, 0x00, 0xaa, 0x01, 0xf4, 0x3f, 0x3f, 0x79, 0xa9, 0x00, 0x00, 0x00, 0x30, 0x00, 0x00, 0x00, 0x08, 0x00, 0x00, 0x80, 0x00, 0x00, 0x00, 0x1e, 0xa6, 0x6e, 0x60, 0x05, 0xf0, 0x00, 0x00, 0x44, 0x00, 0x22, 0x30, 0x66, 0x5b, 0x00, 0x00, 0x00, 0xaa, 0x01, 0xf4, 0x3f, 0x3f, 0x79, 0xa9, 0x00, 0x00, 0x00, 0x30, 0x00, 0x00, 0x00, 0x08, 0x00, 0x00, 0x80, 0x00, 0x00, 0x00, 0xfe, 0xa6, 0x7e, 0x60, 0x05, 0xf0, 0x00, 0x00, 0x44, 0x00, 0x22, 0x30, 0x66, 0x5b, 0x00, 0x00, 0x00, 0xaa, 0x01, 0xf4, 0x3f, 0x3f, 0x79, 0xa9, 0x00, 0x00, 0x00, 0x30, 0x00, 0x00, 0x00, 0x08, 0x00, 0x00, 0x80, 0x00, 0x00, 0x00, 0xfe, 0xa6, 0x7e, 0x60, 0x05, 0xf0, 0x00, 0x00, 0x44, 0x00, 0x22, 0x30, 0xe6, 0x5b, 0x00, 0x00, 0x00, 0xaa, 0x01, 0xf4, 0x3f, 0x3f, 0x79, 0xa9, 0x00, 0x00, 0x00, 0x30, 0x00, 0x00, 0x00, 0x08, 0x00, 0x00, 0x80, 0x00, 0x00, 0x00, 0x04, 0x04, 0x81, 0x08, 0x00, 0x00, 0x00, 0x00, 0x24, 0x00, 0x00, 0x00, 0x20, 0x00, 0x00, 0x00, 0x00, 0x00, 0x03, 0x10, 0x77, 0xdc, 0x00, 0x39, 0x00, 0x00, 0x00, 0x00, 0x00, 0x00, 0x00, 0x00, 0x00, 0x00, 0x80, 0x00, 0x00, 0x00, 0x03, 0xa6, 0x42, 0xe0, 0x05, 0xf0, 0x7e, 0x00, 0x44, 0x00, 0x22, 0x30, 0x66, 0x1b, 0x00, 0x00, 0x00, 0xcc, 0x01, 0xf4, 0x3f, 0x3f, 0x79, 0xa9, 0x00, 0x00, 0x00, 0x30, 0x00, 0x00, 0x00, 0x00, 0x00, 0x00, 0x80, 0x00, 0x00, 0x00, 0x3b, 0xa6, 0x5e, 0xe0, 0x00, 0xb0, 0x00, 0x00, 0x44, 0x00, 0x22, 0x30, 0x66, 0x5b, 0x00, 0x00, 0x00, 0xaa, 0x01, 0x74, 0x3f, 0x3f, 0x79, 0xa9, 0x00, 0x00, 0x00, 0x30, 0x00, 0x00, 0x00, 0x00, 0x00, 0x00, 0x80, 0x00, 0x00, 0x00, 0xfb, 0xa6, 0x5e, 0xe0, 0x04, 0xf0, 0x00, 0x00, 0x44, 0x00, 0x22, 0x30, 0x66, 0x5b, 0x00, 0x00, 0x00, 0xaa, 0x01, 0xf4, 0x3f, 0x3f, 0x79, 0xa9, 0x00, 0x00, 0x00, 0x30, 0x00, 0x00, 0x00, 0x00, 0x00, 0x00, 0x80, 0x00, 0x00, 0x00, 0xfb, 0xa6, 0x7e, 0xe0, 0x05, 0xf0, 0x00, 0x00, 0x44, 0x00, 0x22, 0x30, 0x66, 0x5b, 0x00, 0x00, 0x00, 0xaa, 0x01, 0xf4, 0x3f, 0x3f, 0x79, 0xa9, 0x00, 0x00, 0x00, 0x30, 0x00, 0x00, 0x00, 0x00, 0x00, 0x00, 0x80, 0x00, 0x00, 0x00, 0x1e, 0xa6, 0x6e, 0x60, 0x05, 0xf0, 0x00, 0x00, 0x44, 0x00, 0x22, 0x30, 0x66, 0x5b, 0x00, 0x00, 0x00, 0xaa, 0x01, 0xf4, 0x3f, 0x3f, 0x79, 0xa9, 0x00, 0x00, 0x00, 0x30, 0x00, 0x00, 0x00, 0x00, 0x00, 0x00, 0x80, 0x00, 0x00, 0x00, 0xfe, 0xa6, 0x7e, 0x60, 0x05, 0xf0, 0x00, 0x00, 0x44, 0x00, 0x22, 0x30, 0x66, 0x5b, 0x00, 0x00, 0x00, 0xaa, 0x01, 0xf4, 0x3f, 0x3f, 0x79, 0xa9, 0x00, 0x00, 0x00, 0x30, 0x00, 0x00, 0x00, 0x00, 0x00, 0x00, 0x80, 0x00, 0x00, 0x00, 0xfe, 0xa6, 0x7e, 0x60, 0x05, 0xf0, 0x00, 0x00, 0x44, 0x00, 0x22, 0x30, 0xe6, 0x5b, 0x00, 0x00, 0x00, 0xaa, 0x01, 0xf4, 0x3f, 0x3f, 0x79, 0xa9, 0x00, 0x00, 0x00, 0x30, 0x00, 0x00, 0x00, 0x00, 0x00, 0x00, 0x80, 0x00, 0x00, 0x00, 0x04, 0x04, 0x81, 0x08, 0x00, 0x00, 0x00, 0x00, 0x24, 0x00, 0x00, 0x00, 0x20, 0x00, 0x00, 0x00, 0x00, 0x00, 0x03, 0x10, 0x77, 0xdc, 0x00, 0x39, 0x00, 0x00, 0x00, 0x00, 0x00, 0x00, 0x00, 0x00, 0x00, 0x00, 0x80, 0x00, 0x00, 0x00, 0x03, 0xa6, 0x42, 0xe0, 0x05, 0xf0, 0x7e, 0x00, 0x44, 0x00, 0x22, 0x30, 0x66, 0x1b, 0x00, 0x00, 0x00, 0xcc, 0x01, 0xf4, 0x3f, 0x3f, 0x79, 0xa9, 0x00, 0x00, 0x00, 0x30, 0x00, 0xd5, 0x74,
	0x52, 0x9c, 0x3f, 0x86, 0x80, 0x7b, 0x49, 0xbf, 0x00, 0x00, 0x00, 0x00, 0x00, 0x80, 0x00, 0x00, 0x00, 0x3b, 0xa6, 0x5e, 0xe0, 0x00, 0xb0, 0x00, 0x00, 0x44, 0x00, 0x22, 0x30, 0x66, 0x5b, 0x00, 0x00, 0x00, 0xaa, 0x01, 0x74, 0x3f, 0x3f, 0x79, 0xa9, 0x00, 0x00, 0x00, 0x30, 0x00, 0x00, 0x00, 0x00, 0x00, 0x00, 0x80, 0x00, 0x00, 0x00, 0xfb, 0xa6, 0x5e, 0xe0, 0x04, 0xf0, 0x00, 0x00, 0x44, 0x00, 0x22, 0x30, 0x66, 0x5b, 0x00, 0x00, 0x00, 0xaa, 0x01, 0xf4, 0x3f, 0x3f, 0x79, 0xa9, 0x00, 0x00, 0x00, 0x30, 0x00, 0x00, 0x00, 0x00, 0x00, 0x00, 0x80, 0x00, 0x00, 0x00, 0xfb, 0xa6, 0x7e, 0xe0, 0x05, 0xf0, 0x00, 0x00, 0x44, 0x00, 0x22, 0x30, 0x66, 0x5b, 0x00, 0x00, 0x00, 0xaa, 0x01, 0xf4, 0x3f, 0x3f, 0x79, 0xa9, 0x00, 0x00, 0x00, 0x30, 0x00, 0x00, 0x00, 0x00, 0x00, 0x00, 0x80, 0x00, 0x00, 0x00, 0xfb, 0xa6, 0x7e, 0xa0, 0x05, 0xf0, 0x00, 0x00, 0x44, 0x00, 0x22, 0x30, 0x66, 0x5b, 0x00, 0x00, 0x00, 0xaa, 0x01, 0xf4, 0x3f, 0x3f, 0x79, 0xa9, 0x00, 0x00, 0x00, 0x30, 0x00, 0x00, 0x00, 0x00, 0x00, 0x00, 0x80, 0x00, 0x00, 0x00, 0xfb, 0xa6, 0x7e, 0x80, 0x05, 0xf0, 0x00, 0x00, 0x44, 0x00, 0x22, 0x30, 0x66, 0x5b, 0x00, 0x00, 0x00, 0xaa, 0x01, 0xf4, 0x3f, 0x3f, 0x79, 0xa9, 0x00, 0x00, 0x00, 0x30, 0x00, 0x00, 0x00, 0x00, 0x00, 0x00, 0x80, 0x00, 0x00, 0x00, 0xfb, 0xa6, 0x7e, 0x80, 0x09, 0xf0, 0x00, 0x00, 0x44, 0x00, 0x22, 0x30, 0x66, 0x5b, 0x00, 0x00, 0x00, 0xaa, 0x01, 0xf4, 0x3f, 0x3f, 0x79, 0xa9, 0x00, 0x00, 0x00, 0x30, 0x00, 0x00, 0x00, 0x00, 0x00, 0x00, 0x80, 0x00, 0x00, 0x00, 0xef, 0x8d, 0xf0, 0xa4, 0xa8, 0xf0, 0xcf, 0x8c, 0xf0, 0xa4, 0x28, 0xce, 0x8d, 0xf0, 0xa4, 0x2e, 0xfe, 0x22, 0xc5, 0xf0, 0xf8, 0xa3, 0xe0, 0x28, 0xf0, 0xc5, 0xf0, 0xf8, 0xe5, 0x82, 0x15, 0x82, 0x70, 0x02, 0x15, 0x83, 0xe0, 0x38, 0xf0, 0x22, 0xe8, 0x8f, 0xf0, 0xa4, 0xcc, 0x8b, 0xf0, 0xa4, 0x2c, 0xfc, 0xe9, 0x8e, 0xf0, 0xa4, 0x2c, 0xfc, 0x8a, 0xf0, 0xed, 0xa4, 0x2c, 0xfc, 0xea, 0x8e, 0xf0, 0xa4, 0xcd, 0xa8, 0xf0, 0x8b, 0xf0, 0xa4, 0x2d, 0xcc, 0x38, 0x25, 0xf0, 0xfd, 0xe9, 0x8f, 0xf0, 0xa4, 0x2c, 0xcd, 0x35, 0xf0, 0xfc, 0xeb, 0x8e, 0xf0, 0xa4, 0xfe, 0xa9, 0xf0, 0xeb, 0x8f, 0xf0, 0xa4, 0xcf, 0xc5, 0xf0, 0x2e, 0xcd, 0x39, 0xfe, 0xe4, 0x3c, 0xfc, 0xea, 0xa4, 0x2d, 0xce, 0x35, 0xf0, 0xfd, 0xe4, 0x3c, 0xfc, 0x22, 0xeb, 0x9f, 0xf5, 0xf0, 0xea, 0x9e, 0x42, 0xf0, 0xe9, 0x9d, 0x42, 0xf0, 0xe8, 0x9c, 0x45, 0xf0, 0x22, 0xe8, 0x60, 0x0f, 0xef, 0xc3, 0x33, 0xff, 0xee, 0x33, 0xfe, 0xed, 0x33, 0xfd, 0xec, 0x33, 0xfc, 0xd8, 0xf1, 0x22, 0xa4, 0x25, 0x82, 0xf5, 0x82, 0xe5, 0xf0, 0x35, 0x83, 0xf5, 0x83, 0x22, 0x8a, 0x83, 0x89, 0x82, 0xe4, 0x73, 0xe7, 0x09, 0xf6, 0x08, 0xdf, 0xfa, 0x80, 0x46, 0xe7, 0x09, 0xf2, 0x08, 0xdf, 0xfa, 0x80, 0x3e, 0x88, 0x82, 0x8c, 0x83, 0xe7, 0x09, 0xf0, 0xa3, 0xdf, 0xfa, 0x80, 0x32, 0xe3, 0x09, 0xf6, 0x08, 0xdf, 0xfa, 0x80, 0x6e, 0xe3, 0x09, 0xf2, 0x08, 0xdf, 0xfa, 0x80, 0x66, 0x88, 0x82, 0x8c, 0x83, 0xe3, 0x09, 0xf0, 0xa3, 0xdf, 0xfa, 0x80, 0x5a, 0x89, 0x82, 0x8a, 0x83, 0xe0, 0xa3, 0xf6, 0x08, 0xdf, 0xfa, 0x80, 0x4e, 0x89, 0x82, 0x8a, 0x83, 0xe0, 0xa3, 0xf2, 0x08, 0xdf, 0xfa, 0x80, 0x42, 0x80, 0xd2, 0x80, 0xfa, 0x80, 0xc6, 0x80, 0xd4, 0x80, 0x55, 0x80, 0xf2, 0x80, 0x29, 0x80, 0x10, 0x80, 0xa6, 0x80, 0xea, 0x80, 0x9a, 0x80, 0xa8, 0x80, 0xda, 0x80, 0xe2, 0x80, 0xca, 0x80, 0x29, 0x88, 0x84, 0x8c, 0x85, 0x89, 0x82, 0x8a, 0x83, 0xe4, 0x93, 0xa3, 0x05, 0x92, 0xf0, 0xa3, 0x15, 0x92, 0xdf, 0xf5, 0xde, 0xf3, 0x80, 0x0b, 0x89, 0x82, 0x8a, 0x83, 0xe4, 0x93, 0xa3, 0xf6, 0x08, 0xdf, 0xf9, 0xec, 0xfa, 0xa9, 0xf0, 0xed, 0xfb, 0x22, 0x88, 0x84, 0x8c, 0x85, 0x89, 0x82, 0x8a, 0x83, 0xe0, 0xa3, 0x05, 0x92, 0xf0, 0xa3, 0x15, 0x92, 0xdf, 0xf6, 0xde, 0xf4, 0x80, 0xe3, 0x89, 0x82, 0x8a, 0x83, 0xe4, 0x93, 0xa3, 0xf2, 0x08, 0xdf, 0xf9, 0x80, 0xd6, 0x88, 0xf0, 0xef, 0x60, 0x01, 0x0e, 0x4e, 0x60, 0xcd, 0x88, 0xf0, 0xed, 0x24, 0x02, 0xb4, 0x04, 0x00, 0x50, 0xc3, 0xf5, 0x82, 0xeb, 0x24, 0x02, 0xb4, 0x04, 0x00, 0x50, 0xb9, 0x23, 0x23, 0x45, 0x82, 0x23, 0x90, 0x99, 0xa2, 0x73, 0x90, 0x40, 0x00, 0x7f, 0x00, 0x7e, 0x40, 0xe4, 0xf0, 0xa3, 0xdf, 0xfc, 0xde, 0xfa, 0x02, 0x9a, 0x80, 0x02, 0xae, 0xf3, 0xe4, 0x93, 0xa3, 0xf8, 0xe4, 0x93, 0xa3, 0x40, 0x03, 0xf6, 0x80, 0x01, 0xf2, 0x08, 0xdf, 0xf4, 0x80, 0x29, 0xe4, 0x93, 0xa3, 0xf8, 0x54, 0x07, 0x24, 0x0c, 0xc8, 0xc3, 0x33, 0xc4, 0x54, 0x0f, 0x44, 0x20, 0xc8, 0x83, 0x40, 0x04, 0xf4, 0x56, 0x80, 0x01, 0x46, 0xf6, 0xdf, 0xe4, 0x80, 0x0b, 0x01, 0x02, 0x04, 0x08, 0x10, 0x20, 0x40, 0x80, 0x90, 0x9a, 0xd1, 0xe4, 0x7e, 0x01, 0x93, 0x60, 0xbc, 0xa3, 0xff, 0x54, 0x3f, 0x30, 0xe5, 0x09, 0x54, 0x1f, 0xfe, 0xe4, 0x93, 0xa3, 0x60, 0x01, 0x0e, 0xcf, 0x54, 0xc0, 0x25, 0xe0, 0x60, 0xa8, 0x40, 0xb8, 0xe4, 0x93, 0xa3, 0xfa, 0xe4, 0x93, 0xa3, 0xf8, 0xe4, 0x93, 0xa3, 0xc8, 0xc5, 0x82, 0xc8, 0xca, 0xc5, 0x83, 0xca, 0xf0, 0xa3, 0xc8, 0xc5, 0x82, 0xc8, 0xca, 0xc5, 0x83, 0xca, 0xdf, 0xe9, 0xde, 0xe7, 0x80, 0xbe, 0xee, 0x30, 0xe7, 0x07, 0xc3, 0xe4, 0x9f, 0xff, 0xe4, 0x9e, 0xfe, 0x22, 0x01, 0x24, 0x00, 0x01, 0x53, 0x0f, 0x00, 0x7f, 0x01, 0x12, 0x6d, 0xde, 0x30, 0x0f, 0x18, 0x71, 0x2c, 0x94, 0x20, 0x40, 0x0c, 0xef, 0xd3, 0x94, 0x70, 0x50, 0x06, 0x7e, 0x00, 0x7f, 0x01, 0x80, 0x1c, 0x7e, 0x00, 0x7f, 0x00, 0x80, 0x16, 0x71, 0x2c, 0x94, 0x20, 0x40, 0x0c, 0xef, 0xd3, 0x94, 0x30, 0x50, 0x06, 0x7e, 0x00, 0x7f, 0x01, 0x80, 0x04, 0x7e, 0x00, 0x7f, 0x00, 0xef, 0x4e, 0x60, 0x07, 0xe4, 0xff, 0x12, 0x6d, 0xde, 0x80, 0x10, 0xe5, 0x17, 0x25, 0xe0, 0x25, 0xe0, 0x24, 0x33, 0xfd, 0xe4, 0xfb, 0x7f, 0x63, 0x12, 0x00, 0x3e, 0x7f, 0x00, 0x22, 0x90, 0x36, 0xd4, 0xe0, 0x54, 0xf0, 0xff, 0xc3, 0x22, 0x8f, 0x4a, 0x71, 0xed, 0xe0, 0xff, 0x75, 0xf0, 0x30, 0xa4, 0x24, 0x74, 0xf5, 0x82, 0xe5, 0xf0, 0x34, 0x2d, 0xf5, 0x83, 0xef, 0x25, 0x83, 0xaf, 0x82, 0xf5, 0x4d, 0x8f, 0x4e, 0x7e, 0x00, 0xe5, 0x17, 0x25, 0xe0, 0x25, 0xe0, 0xfb, 0xe5, 0x4a, 0xc8, 0xeb, 0xc8, 0x08, 0x80, 0x05, 0xc3, 0x33, 0xce, 0x33, 0xce, 0xd8, 0xf9, 0xfd, 0xcc, 0xee, 0xcc, 0x74, 0x0f, 0x7e, 0x00, 0xc8, 0xeb, 0xc8, 0x08, 0x80, 0x05, 0xc3, 0x33, 0xce, 0x33, 0xce, 0xd8, 0xf9, 0xfb, 0xca, 0xee, 0xca, 0x7f, 0x47, 0x7e, 0x63, 0x12, 0x00, 0x5c, 0xc3, 0x74, 0x6c, 0x95, 0x18, 0xfd, 0xe5, 0x4a, 0x75, 0xf0, 0x13, 0xa4, 0xf5, 0x4a, 0xe4, 0xfc, 0x12, 0xb4, 0xd7, 0x12, 0xb5, 0x05, 0xe5, 0xf2, 0x30, 0xe0, 0xfb, 0x0c, 0xbc, 0x0a, 0xf1, 0x7c, 0x0f, 0x12, 0x9b, 0x65,
	0x52, 0x9c, 0x3f, 0x86, 0xc0, 0xba, 0x49, 0xbf, 0xb4, 0xd7, 0xec, 0x64, 0x10, 0x70, 0x29, 0x75, 0xfc, 0x10, 0x8d, 0xff, 0xe5, 0xf2, 0x30, 0xe0, 0xfb, 0x53, 0xf8, 0x78, 0xe5, 0x4c, 0x54, 0x87, 0x42, 0xf8, 0x75, 0xf9, 0x00, 0xe5, 0x4b, 0x42, 0xf9, 0x75, 0xfc, 0x10, 0xed, 0x44, 0x80, 0xf5, 0xff, 0xe5, 0xf2, 0x20, 0xe0, 0x0c, 0x80, 0xf9, 0xe5, 0x4c, 0x12, 0xb5, 0x05, 0xe5, 0xf2, 0x30, 0xe0, 0xfb, 0x0c, 0xbc, 0x18, 0xc1, 0x7f, 0x00, 0x22, 0x74, 0xc8, 0x25, 0x17, 0xf5, 0x82, 0xe4, 0x34, 0x36, 0xf5, 0x83, 0x22, 0xcd, 0xef, 0xcd, 0x71, 0xed, 0xe0, 0x70, 0x03, 0x7f, 0xff, 0x22, 0xed, 0x60, 0x0f, 0x30, 0x0c, 0x0c, 0xf1, 0xe6, 0x80, 0x02, 0xc3, 0x33, 0xd8, 0xfc, 0x42, 0x24, 0x80, 0x1c, 0x74, 0x01, 0x7e, 0x00, 0xa8, 0x17, 0x08, 0x80, 0x05, 0xc3, 0x33, 0xce, 0x33, 0xce, 0xd8, 0xf9, 0xff, 0xac, 0x24, 0xec, 0xfb, 0xef, 0x5b, 0x60, 0x19, 0x30, 0x0c, 0x05, 0xa8, 0x1d, 0xe6, 0xff, 0x22, 0xf1, 0xe6, 0x80, 0x02, 0xc3, 0x33, 0xd8, 0xfc, 0xff, 0xf4, 0x52, 0x24, 0xef, 0x42, 0x08, 0xad, 0x08, 0xed, 0x70, 0x02, 0xc1, 0xc1, 0xf1, 0xe6, 0x80, 0x02, 0xc3, 0x33, 0xd8, 0xfc, 0xf4, 0x52, 0x20, 0x12, 0xb4, 0xf5, 0x7b, 0x08, 0x12, 0xb4, 0xf0, 0x7b, 0x04, 0x12, 0xb4, 0xf0, 0x7b, 0x02, 0xe4, 0xfd, 0x12, 0x01, 0x9c, 0x90, 0x00, 0x0d, 0xe0, 0x70, 0x1c, 0x90, 0x00, 0x12, 0xe0, 0x54, 0x1f, 0xff, 0xbf, 0x10, 0x0b, 0xf1, 0xe6, 0x80, 0x02, 0xc3, 0x33, 0xd8, 0xfc, 0xf4, 0x52, 0x21, 0xa8, 0x1d, 0x76, 0x11, 0x7f, 0x11, 0x22, 0x12, 0xae, 0x4c, 0x75, 0x16, 0xff, 0x90, 0x00, 0xe0, 0xe0, 0x70, 0x02, 0xa3, 0xe0, 0x60, 0x06, 0x90, 0x00, 0xe0, 0x12, 0xad, 0x0e, 0xe5, 0x16, 0xb4, 0xff, 0x05, 0x12, 0x2d, 0x23, 0x8f, 0x16, 0x90, 0x00, 0xe2, 0xe0, 0x70, 0x02, 0xa3, 0xe0, 0x60, 0x06, 0x90, 0x00, 0xe2, 0x12, 0xad, 0x0e, 0x7b, 0x01, 0x7d, 0x33, 0x12, 0xad, 0x20, 0x60, 0x4f, 0x7b, 0x80, 0x7d, 0x07, 0x7f, 0x07, 0x12, 0x01, 0x07, 0xef, 0x60, 0x18, 0x71, 0xed, 0xe0, 0xff, 0x64, 0x01, 0x60, 0x04, 0xef, 0xb4, 0x03, 0x06, 0x7e, 0x00, 0x7f, 0x01, 0x80, 0x14, 0x7e, 0x00, 0x7f, 0x00, 0x80, 0x0e, 0x71, 0xed, 0xe0, 0x7e, 0x00, 0xb4, 0x02, 0x04, 0x7f, 0x01, 0x80, 0x02, 0x7f, 0x00, 0xef, 0x4e, 0x70, 0x02, 0xc1, 0x00, 0x7e, 0x80, 0x7f, 0x2b, 0x71, 0xed, 0xe0, 0xfd, 0x7c, 0x02, 0xb4, 0x03, 0x02, 0x7c, 0x03, 0xed, 0x2c, 0xfb, 0x12, 0xae, 0x6a, 0xff, 0x22, 0x71, 0xed, 0xe0, 0xff, 0x64, 0x01, 0x60, 0x07, 0xef, 0x64, 0x03, 0x60, 0x02, 0xa1, 0xc8, 0xef, 0x64, 0x01, 0x70, 0x5f, 0xe5, 0x53, 0x64, 0x0d, 0x70, 0x59, 0x7d, 0xd5, 0x7c, 0x1f, 0x74, 0x07, 0xff, 0xfe, 0xf1, 0x06, 0x7f, 0x08, 0xf1, 0x04, 0x7f, 0x09, 0x7e, 0x07, 0x12, 0x01, 0xea, 0x7d, 0x05, 0x7c, 0x13, 0xf1, 0x02, 0x7f, 0x0b, 0xf1, 0x04, 0x7f, 0x0c, 0xf1, 0x04, 0x7f, 0x0d, 0xf1, 0xdc, 0x7f, 0x0e, 0x7e, 0x07, 0x12, 0x01, 0xea, 0x74, 0x03, 0xfd, 0xfc, 0x12, 0xae, 0xe0, 0x12, 0xb4, 0xa6, 0x7d, 0xf6, 0x7c, 0x06, 0x12, 0xae, 0x1a, 0x12, 0xb4, 0xc7, 0x7d, 0x00, 0x7c, 0x80, 0x7f, 0x8a, 0x7e, 0x00, 0xf1, 0xde, 0x7f, 0x94, 0x7e, 0x00, 0xf1, 0xde, 0x12, 0xb4, 0xfe, 0x7d, 0x00, 0x80, 0x6e, 0x7d, 0xdd, 0x7c, 0x1f, 0x74, 0x07, 0xff, 0xfe, 0xf1, 0x06, 0xd1, 0xed, 0xf1, 0xda, 0xf1, 0xf8, 0x12, 0xae, 0xca, 0x7d, 0x3f, 0x7c, 0xc7, 0x7f, 0x10, 0xf1, 0x04, 0x7f, 0x11, 0xf1, 0x04, 0x12, 0xb4, 0xc0, 0x7d, 0xc0, 0x7c, 0x36, 0x12, 0xae, 0x1a, 0x12, 0xb4, 0xc7, 0x7d, 0x55, 0x12, 0xb5, 0x1f, 0x7d, 0x55, 0x12, 0xb5, 0x28, 0x7d, 0x55, 0x12, 0xb4, 0xfc, 0x7d, 0x55, 0x80, 0x2f, 0x71, 0xed, 0xe0, 0x64, 0x02, 0x70, 0x31, 0x7d, 0xb1, 0x7c, 0x8f, 0xf1, 0xf1, 0x7d, 0x00, 0x7c, 0x20, 0x12, 0xae, 0x94, 0x7d, 0x1f, 0x7c, 0x73, 0x12, 0xad, 0xf9, 0x12, 0xb4, 0xc7, 0x7d, 0x45, 0x12, 0xb5, 0x1f, 0x7d, 0x45, 0x12, 0xb5, 0x28, 0x7d, 0x45, 0x12, 0xb4, 0xfc, 0x7d, 0x45, 0x7c, 0x80, 0x7f, 0x95, 0x7e, 0x00, 0x12, 0x01, 0xea, 0x71, 0xed, 0xe0, 0x14, 0x60, 0x0f, 0x14, 0x60, 0x35, 0x14, 0x60, 0x3c, 0x24, 0x03, 0x70, 0x4a, 0x90, 0x08, 0x3e, 0x80, 0x2c, 0xe5, 0x53, 0xb4, 0x0d, 0x05, 0x90, 0x42, 0xfe, 0x80, 0x03, 0x90, 0x09, 0x3e, 0xe0, 0xfe, 0xee, 0xff, 0x8f, 0xf9, 0xe5, 0x53, 0xb4, 0x0d, 0x05, 0x90, 0x42, 0xfe, 0x80, 0x03, 0x90, 0x09, 0x3e, 0xe0, 0xfe, 0xa3, 0xe0, 0xff, 0x8f, 0xf8, 0x80, 0x12, 0x90, 0x0a, 0x3e, 0x12, 0xae, 0x42, 0xf5, 0xf8, 0x80, 0x08, 0x90, 0x0b, 0x3e, 0x12, 0xae, 0x42, 0xf5, 0xf8, 0xe5, 0x18, 0x24, 0x21, 0xfd, 0x7f, 0x05, 0x12, 0x00, 0x03, 0x12, 0xa7, 0xcc, 0x75, 0x16, 0xff, 0x90, 0x00, 0xc0, 0xe0, 0x70, 0x02, 0xa3, 0xe0, 0x60, 0x09, 0x90, 0x00, 0xc0, 0x12, 0xaa, 0xc5, 0x12, 0xb5, 0x31, 0xe5, 0x16, 0xb4, 0xff, 0x09, 0xe4, 0xfd, 0x7f, 0x02, 0x12, 0x32, 0x8d, 0x8f, 0x16, 0x90, 0x00, 0xc2, 0xe0, 0x70, 0x02, 0xa3, 0xe0, 0x60, 0x06, 0x12, 0xaa, 0xc2, 0x12, 0xb5, 0x31, 0x7e, 0x80, 0x7f, 0x3b, 0xe4, 0xfb, 0xad, 0x17, 0x12, 0x02, 0xd3, 0xd1, 0xe6, 0x12, 0xb5, 0x13, 0x12, 0x01, 0x18, 0x12, 0xa5, 0x9d, 0x60, 0xfb, 0x12, 0xae, 0x4c, 0x12, 0xb5, 0x3b, 0x7d, 0x6f, 0x12, 0x01, 0x9c, 0xf1, 0xe6, 0x80, 0x02, 0xc3, 0x33, 0xd8, 0xfc, 0xf4, 0x52, 0x08, 0x80, 0x18, 0x12, 0xb5, 0x3b, 0x7d, 0x6f, 0x12, 0x00, 0xf6, 0xef, 0x60, 0x0d, 0x12, 0xa5, 0x9d, 0x60, 0x08, 0xd1, 0xe6, 0x12, 0xb5, 0x13, 0x12, 0x01, 0x75, 0x7f, 0xff, 0x22, 0xf5, 0x82, 0xe4, 0x35, 0x4f, 0xf5, 0x83, 0xe0, 0xf5, 0xf8, 0xc3, 0x74, 0x6a, 0x95, 0x18, 0xff, 0x22, 0x7f, 0x08, 0x7e, 0x07, 0x12, 0x01, 0xea, 0xe4, 0xfd, 0xfc, 0x7f, 0x09, 0x7e, 0x07, 0x12, 0x01, 0xea, 0x7d, 0x45, 0x7c, 0x11, 0x7f, 0x0a, 0x7e, 0x07, 0x12, 0x01, 0xea, 0xe4, 0xfd, 0xfc, 0x22, 0xe5, 0x53, 0x64, 0x0d, 0x70, 0x2d, 0x7d, 0xd5, 0xf1, 0xef, 0x7d, 0x04, 0x7c, 0x40, 0xd1, 0xed, 0x7f, 0x0b, 0xf1, 0x04, 0x7f, 0x0c, 0xf1, 0x04, 0x7f, 0x0d, 0xf1, 0xdc, 0x7f, 0x0e, 0x7e, 0x07, 0x12, 0x01, 0xea, 0x74, 0x03, 0xfd, 0xfc, 0x12, 0xae, 0xe0, 0x12, 0xb4, 0xa6, 0x7d, 0xf6, 0x7c, 0x06, 0x80, 0x32, 0x7d, 0xdd, 0xf1, 0xef, 0x7d, 0x04, 0x7c, 0x40, 0x7f, 0x08, 0x12, 0xae, 0x3a, 0x7c, 0x50, 0x7f, 0x09, 0x12, 0xae, 0x3a, 0x7c, 0x10, 0xf1, 0x02, 0xf1, 0xda, 0xf1, 0xf8, 0x12, 0xae, 0xca, 0x7d, 0x3f, 0x7c, 0xc4, 0x7f, 0x10, 0xf1, 0x04, 0x7f, 0x11, 0xf1, 0x04, 0x12, 0xb4, 0xc0, 0x7d, 0xc0, 0x7c, 0x36, 0x7f, 0x13, 0x7e, 0x07, 0x12, 0x01, 0xea, 0x12, 0xae, 0x21, 0x12, 0xae, 0x58, 0x7b, 0x01, 0x7d, 0x41, 0x12, 0xae, 0x7e, 0x7f, 0x40, 0x12, 0xae, 0x74, 0x7f, 0x4f, 0x7e, 0x07, 0x12, 0x00, 0xa6, 0x7b, 0x1e, 0x7d, 0x4e, 0x7f, 0x07, 0x12, 0x01, 0x9c, 0x7b, 0x01, 0x7d, 0x4e, 0x7f, 0x89, 0x52,
	0x52, 0x9c, 0x3f, 0x86, 0x00, 0xfa, 0x49, 0xbf, 0x07, 0x12, 0x01, 0x3d, 0x7b, 0x04, 0x7d, 0x40, 0x7f, 0x07, 0x12, 0x01, 0x3d, 0x7b, 0x01, 0x7d, 0x40, 0x7f, 0x07, 0x12, 0x01, 0x3d, 0x7b, 0x10, 0x7d, 0x40, 0x12, 0xad, 0x20, 0x60, 0xf7, 0x7b, 0x01, 0x7d, 0x4e, 0x7f, 0x07, 0x12, 0x01, 0x9c, 0x7f, 0x41, 0x12, 0xae, 0x88, 0x40, 0x0a, 0x12, 0xae, 0x61, 0x7f, 0x41, 0x7e, 0x07, 0x12, 0x00, 0x5c, 0x22, 0x7f, 0x0b, 0x7e, 0x07, 0x12, 0x01, 0xea, 0x7d, 0x00, 0x7c, 0x80, 0x22, 0xaf, 0x17, 0x74, 0x01, 0xc8, 0xef, 0xc8, 0x08, 0x22, 0x7c, 0x1f, 0x74, 0x07, 0xff, 0xfe, 0x02, 0x01, 0xea, 0x7f, 0x0c, 0x7e, 0x07, 0x12, 0x01, 0xea, 0x7d, 0xb6, 0x7c, 0x0d, 0x22, 0x8f, 0x3b, 0x8d, 0x3c, 0xe5, 0x17, 0x7f, 0x00, 0xfe, 0xef, 0x24, 0x34, 0xf5, 0x82, 0x74, 0x32, 0x3e, 0xaf, 0x82, 0xf5, 0x3d, 0x8f, 0x3e, 0x12, 0x9b, 0xed, 0xe0, 0xff, 0x24, 0x70, 0xf5, 0x82, 0xe4, 0x34, 0x2d, 0xf5, 0x83, 0xe0, 0x24, 0xfe, 0x65, 0x3b, 0x60, 0x02, 0x41, 0x68, 0xc2, 0x2a, 0xc2, 0x29, 0xc2, 0x28, 0xef, 0x64, 0x03, 0x60, 0x02, 0x21, 0x63, 0x90, 0x2d, 0x73, 0xe0, 0xd3, 0x94, 0x05, 0x50, 0x02, 0x21, 0x63, 0xe0, 0xf9, 0x51, 0xc6, 0x24, 0xfd, 0xff, 0xec, 0x34, 0xff, 0x51, 0x9b, 0xe0, 0xfa, 0xa3, 0xe0, 0xfb, 0xed, 0x24, 0xfc, 0xff, 0xec, 0x34, 0xff, 0x51, 0x9b, 0xe0, 0xfe, 0xa3, 0xe0, 0xc3, 0x9b, 0xff, 0xee, 0x9a, 0xfe, 0xe4, 0x8f, 0x49, 0x8e, 0x48, 0xf5, 0x47, 0xf5, 0x46, 0x51, 0xc5, 0x24, 0xfb, 0xff, 0xec, 0x34, 0xff, 0x51, 0x9b, 0xe0, 0xfa, 0xa3, 0xe0, 0xfb, 0xed, 0x24, 0xfa, 0xff, 0xec, 0x34, 0xff, 0x51, 0x9b, 0x71, 0x45, 0x51, 0xc5, 0x24, 0xf9, 0xff, 0xec, 0x34, 0xff, 0x51, 0x9b, 0xe0, 0xfa, 0xa3, 0xe0, 0xfb, 0xed, 0x24, 0xf8, 0xff, 0xec, 0x34, 0xff, 0x51, 0x9b, 0x71, 0x45, 0x90, 0x00, 0x1b, 0xe0, 0xff, 0xe4, 0x71, 0x00, 0x24, 0xec, 0x71, 0x11, 0x40, 0x06, 0xd2, 0x29, 0xd2, 0x28, 0x80, 0x12, 0x90, 0x00, 0x1b, 0xe0, 0xff, 0xe4, 0xfc, 0xfd, 0x71, 0x00, 0x24, 0x38, 0x71, 0x11, 0x40, 0x02, 0xd2, 0x28, 0x51, 0x88, 0xa3, 0xa3, 0x51, 0x83, 0x51, 0xae, 0xf5, 0x40, 0xec, 0x9e, 0xf5, 0x3f, 0xe5, 0x3e, 0x24, 0x06, 0x51, 0x7b, 0x51, 0xbd, 0x24, 0x04, 0x51, 0x7b, 0x51, 0xae, 0xf5, 0x44, 0xec, 0x9e, 0xf5, 0x43, 0x90, 0x00, 0x1b, 0xe0, 0x75, 0xf0, 0x40, 0xa4, 0xff, 0xae, 0xf0, 0x24, 0xd4, 0xfd, 0xee, 0x34, 0xfe, 0xfc, 0xc3, 0xe5, 0x40, 0x9d, 0xe5, 0x3f, 0x9c, 0x40, 0x11, 0xef, 0x24, 0xec, 0xff, 0xee, 0x34, 0xff, 0xfe, 0xc3, 0xe5, 0x44, 0x9f, 0xe5, 0x43, 0x9e, 0x50, 0x44, 0xd3, 0xe5, 0x40, 0x95, 0x44, 0xe5, 0x3f, 0x95, 0x43, 0x40, 0x06, 0xae, 0x3f, 0xaf, 0x40, 0x80, 0x04, 0xae, 0x43, 0xaf, 0x44, 0x8e, 0x41, 0x8f, 0x42, 0x75, 0x45, 0x03, 0xe5, 0x45, 0xd3, 0x95, 0x3b, 0x50, 0x21, 0x51, 0x8f, 0x51, 0x83, 0x51, 0xce, 0x51, 0xae, 0xff, 0xec, 0x9e, 0xfe, 0xc3, 0xe5, 0x42, 0x9f, 0xe5, 0x41, 0x9e, 0x50, 0x08, 0xd2, 0x2a, 0xd2, 0x29, 0xd2, 0x28, 0x80, 0x04, 0x05, 0x45, 0x80, 0xd8, 0x51, 0x88, 0x51, 0xf0, 0xe5, 0x45, 0xd3, 0x95, 0x3b, 0x50, 0x33, 0x51, 0x88, 0xc0, 0x83, 0xc0, 0x82, 0xe5, 0x45, 0x65, 0x3b, 0x70, 0x04, 0xaf, 0x45, 0x80, 0x04, 0xe5, 0x45, 0x04, 0xff, 0xd0, 0x82, 0xd0, 0x83, 0x75, 0xf0, 0x04, 0xef, 0x12, 0x99, 0x40, 0x71, 0x2a, 0x2f, 0xff, 0xe5, 0x43, 0x3e, 0xfe, 0x51, 0x88, 0x51, 0xce, 0xee, 0xf0, 0xa3, 0xef, 0x51, 0xe0, 0x80, 0xc6, 0x51, 0x88, 0xa3, 0xa3, 0x51, 0xf0, 0xe5, 0x45, 0xd3, 0x95, 0x3b, 0x50, 0x23, 0xe5, 0x45, 0x65, 0x3b, 0x70, 0x04, 0xaf, 0x45, 0x80, 0x04, 0xe5, 0x45, 0x04, 0xff, 0xef, 0x51, 0x91, 0x71, 0x2a, 0x2f, 0xfd, 0xe5, 0x43, 0x3e, 0xfc, 0x51, 0x8f, 0xec, 0xf0, 0xa3, 0xed, 0x51, 0xe0, 0x80, 0xd6, 0x30, 0x28, 0x30, 0x51, 0x88, 0x74, 0xff, 0xf0, 0xa3, 0xf0, 0x51, 0x88, 0xa3, 0xa3, 0xf0, 0xa3, 0xf0, 0xe5, 0x3e, 0x24, 0x06, 0x51, 0x7b, 0x51, 0xd6, 0x24, 0x04, 0x51, 0x7b, 0x51, 0xbd, 0x24, 0x06, 0x51, 0x7b, 0x51, 0xb5, 0x9e, 0x40, 0x0b, 0xe5, 0x3e, 0x24, 0x06, 0x51, 0x7b, 0xee, 0xf0, 0xa3, 0xef, 0xf0, 0x30, 0x29, 0x2a, 0xe5, 0x3e, 0x24, 0x04, 0x51, 0x7b, 0x74, 0xff, 0xf0, 0xa3, 0xf0, 0xe5, 0x3e, 0x24, 0x06, 0x51, 0x6b, 0x51, 0xd6, 0x24, 0x08, 0x51, 0x7b, 0xe0, 0xfe, 0xa3, 0xe0, 0xff, 0x51, 0x77, 0x51, 0xb5, 0x9e, 0x40, 0x07, 0x51, 0x77, 0xee, 0xf0, 0xa3, 0xef, 0xf0, 0x30, 0x2a, 0x34, 0xe5, 0x3e, 0x24, 0x08, 0x51, 0x6b, 0x74, 0xff, 0xf0, 0xa3, 0xf0, 0xe5, 0x3e, 0x24, 0x0e, 0x51, 0x7b, 0xe4, 0x75, 0xf0, 0x05, 0x12, 0x98, 0xb7, 0xe5, 0x3e, 0x24, 0x0c, 0x51, 0x7b, 0x51, 0xbd, 0x24, 0x0e, 0x51, 0x7b, 0x51, 0xb5, 0x9e, 0x40, 0x0b, 0xe5, 0x3e, 0x24, 0x0e, 0x51, 0x7b, 0xee, 0xf0, 0xa3, 0xef, 0xf0, 0x7f, 0x00, 0x22, 0xf5, 0x82, 0xe4, 0x35, 0x3d, 0xf5, 0x83, 0x74, 0xff, 0xf0, 0xa3, 0xf0, 0xe5, 0x3e, 0x24, 0x0a, 0xf5, 0x82, 0xe4, 0x35, 0x3d, 0xf5, 0x83, 0x22, 0xe0, 0xfe, 0xa3, 0xe0, 0xff, 0x85, 0x3e, 0x82, 0x85, 0x3d, 0x83, 0x22, 0xe5, 0x45, 0x75, 0xf0, 0x02, 0xa4, 0x24, 0x01, 0xff, 0xe4, 0x35, 0xf0, 0xfe, 0xef, 0x25, 0xe0, 0xff, 0xee, 0x33, 0xfe, 0xe5, 0x3e, 0x2f, 0xf5, 0x82, 0xe5, 0x3d, 0x3e, 0xf5, 0x83, 0x22, 0xe0, 0xfc, 0xa3, 0xe0, 0xc3, 0x9f, 0x22, 0xe0, 0xfc, 0xa3, 0xe0, 0xd3, 0x9f, 0xec, 0x22, 0xe0, 0xfe, 0xa3, 0xe0, 0xff, 0xe5, 0x3e, 0x22, 0xe9, 0x75, 0xf0, 0x02, 0xa4, 0xfd, 0xac, 0xf0, 0x22, 0x75, 0xf0, 0x04, 0xe5, 0x45, 0x02, 0x99, 0x40, 0xe4, 0x75, 0xf0, 0x01, 0x12, 0x98, 0xb7, 0xe5, 0x3e, 0x22, 0xf0, 0x85, 0x41, 0x3f, 0x85, 0x42, 0x40, 0x85, 0x43, 0x41, 0x85, 0x44, 0x42, 0x05, 0x45, 0x22, 0xe0, 0xfe, 0xa3, 0xe0, 0x8e, 0x41, 0xf5, 0x42, 0x8e, 0x3f, 0xf5, 0x40, 0xe4, 0xf5, 0x45, 0x22, 0xfe, 0x78, 0x06, 0x12, 0x99, 0x2d, 0xe4, 0x7b, 0x03, 0xfa, 0xf9, 0xf8, 0x12, 0x98, 0xcd, 0xef, 0x22, 0xff, 0xee, 0x34, 0xff, 0xfe, 0xed, 0x34, 0xff, 0xfd, 0xec, 0x34, 0xff, 0xfc, 0xab, 0x49, 0xaa, 0x48, 0xa9, 0x47, 0xa8, 0x46, 0xc3, 0x02, 0x99, 0x1c, 0xe0, 0xf5, 0x43, 0xa3, 0xe0, 0xf5, 0x44, 0xe5, 0x42, 0x25, 0xe0, 0xff, 0xe5, 0x41, 0x33, 0xfe, 0xe5, 0x40, 0x2f, 0xff, 0xe5, 0x3f, 0x3e, 0xfe, 0xe5, 0x44, 0x22, 0xe0, 0xfe, 0xa3, 0xe0, 0xc3, 0x9b, 0xff, 0xee, 0x9a, 0xfe, 0xe4, 0xfc, 0xfd, 0xe5, 0x49, 0x2f, 0xf5, 0x49, 0xe5, 0x48, 0x3e, 0xf5, 0x48, 0xed, 0x35, 0x47, 0xf5, 0x47, 0xec, 0x35, 0x46, 0xf5, 0x46, 0x22, 0xef, 0x64, 0x01, 0x60, 0x02, 0x81, 0x7b, 0x90, 0x00, 0x0e, 0xe0, 0x30, 0xe7, 0x02, 0x81, 0x7b, 0xe5, 0x17, 0xc4, 0x54, 0xf0, 0x24, 0x40, 0xf5, 0x82, 0xe4, 0x34, 0x00, 0xaf, 0x82, 0xf5, 0x4f, 0x8f, 0x50, 0xe5, 0x53, 0x24, 0xf4, 0x60, 0x3b, 0x14, 0x60, 0x20, 0x14, 0x70, 0xbc, 0x2f,
	0x52, 0x9c, 0x3f, 0x86, 0x40, 0x39, 0x4a, 0xbf, 0x4e, 0x12, 0x9e, 0xe6, 0xe4, 0x94, 0x00, 0xef, 0xfe, 0x74, 0x3b, 0xff, 0x7d, 0xfc, 0x7c, 0x00, 0x12, 0x00, 0xa6, 0x12, 0x9e, 0xe6, 0x91, 0x94, 0x7b, 0xc0, 0x7a, 0x0f, 0x80, 0x2b, 0x12, 0x9e, 0xe6, 0xe4, 0xfb, 0x7d, 0x3b, 0x12, 0x00, 0x20, 0x12, 0x9e, 0xe6, 0x91, 0x94, 0x7d, 0xf0, 0x7c, 0x00, 0x12, 0x00, 0xce, 0x80, 0x19, 0x12, 0x9e, 0xe6, 0xe4, 0xfb, 0x7d, 0x3b, 0x12, 0x00, 0x20, 0x12, 0x9e, 0xe6, 0x91, 0x94, 0x7b, 0xc0, 0x7a, 0xff, 0xe4, 0xfd, 0xfc, 0x12, 0x00, 0x5c, 0x90, 0x00, 0x0e, 0xe0, 0x54, 0xfc, 0xf5, 0xf9, 0xe4, 0x12, 0x9e, 0xe4, 0x7d, 0x3f, 0x12, 0x00, 0x03, 0xe5, 0x50, 0x24, 0x0d, 0x91, 0x7e, 0x75, 0xf8, 0x03, 0x12, 0x9e, 0xe6, 0x7d, 0x92, 0x12, 0x00, 0x03, 0xe5, 0x50, 0x24, 0x0f, 0x91, 0x7e, 0xe5, 0x50, 0x24, 0x0e, 0x12, 0x9e, 0xdc, 0x7d, 0x93, 0x12, 0x00, 0x03, 0xe5, 0x50, 0x24, 0x09, 0x91, 0x7e, 0xe5, 0x50, 0x24, 0x08, 0x12, 0x9e, 0xdc, 0x7d, 0x94, 0x12, 0x00, 0x03, 0xe5, 0x50, 0x24, 0x0b, 0x91, 0x7e, 0xe5, 0x50, 0x24, 0x0a, 0x12, 0x9e, 0xdc, 0x7d, 0x95, 0x12, 0x00, 0x03, 0xe5, 0x50, 0x24, 0x05, 0x91, 0x7e, 0xe5, 0x50, 0x24, 0x04, 0x12, 0x9e, 0xdc, 0x7d, 0x96, 0x12, 0x00, 0x03, 0xe5, 0x50, 0x24, 0x07, 0x91, 0x7e, 0xe5, 0x50, 0x24, 0x06, 0x12, 0x9e, 0xdc, 0x7d, 0x97, 0x12, 0x00, 0x03, 0x91, 0x8d, 0x91, 0x89, 0x12, 0x9e, 0xe3, 0x7d, 0x98, 0x12, 0x00, 0x03, 0x91, 0x8d, 0xa3, 0xa3, 0x91, 0x89, 0xa3, 0xa3, 0x12, 0x9e, 0xe3, 0x7d, 0x99, 0x12, 0x00, 0x03, 0x7f, 0x00, 0x22, 0xf5, 0x82, 0xe4, 0x35, 0x4f, 0xf5, 0x83, 0xe0, 0xf5, 0xf9, 0x22, 0xa3, 0xe0, 0xf5, 0xf9, 0x85, 0x50, 0x82, 0x85, 0x4f, 0x83, 0x22, 0xe4, 0x94, 0x00, 0xef, 0xfe, 0x74, 0x3a, 0xff, 0x22, 0x12, 0x9e, 0xe6, 0xe4, 0x94, 0x00, 0xef, 0xfe, 0x74, 0x43, 0xff, 0x7b, 0x80, 0x7a, 0x07, 0x7d, 0x00, 0x7c, 0x01, 0x12, 0x00, 0x5c, 0x12, 0x9e, 0xe6, 0xef, 0xfe, 0x74, 0x0b, 0x91, 0xd6, 0xe0, 0xfd, 0x64, 0x02, 0x60, 0x04, 0xed, 0xb4, 0x0e, 0x06, 0x7c, 0x00, 0x7d, 0x04, 0x80, 0x04, 0x7c, 0x00, 0x7d, 0x0f, 0x12, 0x01, 0xea, 0x7f, 0x00, 0x22, 0xff, 0x74, 0x00, 0x25, 0x17, 0xf5, 0x82, 0xe4, 0x34, 0x45, 0xf5, 0x83, 0x22, 0xef, 0x70, 0x3d, 0xa8, 0x1d, 0xe6, 0x64, 0x10, 0x70, 0x36, 0xb1, 0x32, 0x7b, 0x04, 0x7d, 0x50, 0x12, 0x00, 0xf6, 0xef, 0x60, 0x04, 0x7f, 0xff, 0x80, 0x02, 0x7f, 0x00, 0xef, 0xfc, 0x74, 0x40, 0xfd, 0xc3, 0x74, 0x69, 0xb1, 0x29, 0x74, 0x04, 0xff, 0x12, 0x00, 0xa6, 0xc3, 0x74, 0x69, 0xb1, 0x29, 0x74, 0x59, 0xff, 0x12, 0x01, 0xd6, 0xee, 0x13, 0x13, 0x54, 0x3f, 0x91, 0xd6, 0xef, 0xf0, 0x7f, 0x00, 0x22, 0xc3, 0x74, 0x6c, 0x95, 0x18, 0xff, 0xe4, 0x94, 0x00, 0xef, 0xfe, 0x22, 0xc3, 0x74, 0x69, 0x95, 0x18, 0xff, 0x22, 0xef, 0x60, 0x15, 0x12, 0x9b, 0xed, 0xe0, 0xb4, 0x03, 0x0e, 0xb1, 0x26, 0x74, 0x0a, 0xff, 0x7d, 0x0f, 0x7c, 0x07, 0x12, 0x00, 0xa6, 0x80, 0x49, 0xe5, 0x17, 0x25, 0xe0, 0x24, 0xd9, 0xf5, 0x82, 0xe4, 0x34, 0x36, 0xf5, 0x83, 0xe0, 0xfe, 0xa3, 0xe0, 0xf4, 0x70, 0x02, 0xee, 0xf4, 0x70, 0x31, 0xb1, 0x9d, 0x60, 0x2d, 0xb1, 0x32, 0x7b, 0x02, 0x7d, 0x60, 0x12, 0x00, 0xf6, 0xef, 0x60, 0x21, 0xb1, 0x32, 0x7d, 0x64, 0x12, 0x00, 0x13, 0xe5, 0xf8, 0x54, 0x30, 0xff, 0xbf, 0x10, 0x12, 0x12, 0x9e, 0xe6, 0xe4, 0x94, 0x00, 0xef, 0xfe, 0x74, 0x0b, 0xff, 0x7d, 0x04, 0x7c, 0x00, 0x12, 0x01, 0xea, 0x7f, 0xff, 0x22, 0xe5, 0x18, 0x24, 0x23, 0xfd, 0x7b, 0x01, 0x7f, 0x05, 0x12, 0x00, 0xf6, 0xef, 0x22, 0xef, 0x60, 0x02, 0xc1, 0x63, 0x74, 0x10, 0x7e, 0x00, 0xa8, 0x17, 0x08, 0x80, 0x05, 0xc3, 0x33, 0xce, 0x33, 0xce, 0xd8, 0xf9, 0xff, 0xad, 0x20, 0xef, 0x5d, 0x60, 0x02, 0xc1, 0x63, 0xf1, 0xa7, 0xcc, 0xee, 0xcc, 0xcd, 0xef, 0xcd, 0xe5, 0x17, 0x75, 0xf0, 0x80, 0xa4, 0xff, 0x90, 0x27, 0x3f, 0xe0, 0x2f, 0xff, 0x90, 0x27, 0x3e, 0xe0, 0x35, 0xf0, 0xfe, 0xed, 0x6f, 0x70, 0x02, 0xec, 0x6e, 0x70, 0x34, 0xe5, 0x17, 0x14, 0x60, 0x10, 0x14, 0x60, 0x13, 0x14, 0x60, 0x16, 0x24, 0x03, 0x70, 0x1a, 0x7b, 0x02, 0x7d, 0x13, 0x80, 0x10, 0x7b, 0x02, 0x7d, 0x16, 0x80, 0x0a, 0x7b, 0x02, 0x7d, 0x18, 0x80, 0x04, 0x7b, 0x02, 0x7d, 0x1b, 0xe4, 0xff, 0xd1, 0x66, 0x90, 0x44, 0xfe, 0xf1, 0xb7, 0xa8, 0x1d, 0xe4, 0xf6, 0x80, 0x42, 0xb1, 0x9d, 0x70, 0x05, 0xa8, 0x1d, 0xf6, 0x80, 0x39, 0xc3, 0x74, 0x6c, 0x95, 0x18, 0xff, 0x7b, 0x02, 0x7d, 0x01, 0x12, 0x00, 0xf6, 0xef, 0x60, 0x29, 0xe5, 0x17, 0x14, 0x60, 0x10, 0x14, 0x60, 0x13, 0x14, 0x60, 0x16, 0x24, 0x03, 0x70, 0x1a, 0x7b, 0x02, 0x7d, 0x13, 0x80, 0x10, 0x7b, 0x02, 0x7d, 0x16, 0x80, 0x0a, 0x7b, 0x02, 0x7d, 0x18, 0x80, 0x04, 0x7b, 0x02, 0x7d, 0x1b, 0xe4, 0xff, 0xd1, 0x66, 0x7f, 0x00, 0x22, 0x8d, 0xfc, 0x8f, 0xff, 0xe5, 0xf2, 0x30, 0xe0, 0xfb, 0xe5, 0xf8, 0x5b, 0x60, 0x0d, 0xeb, 0xf4, 0x52, 0xf8, 0xd1, 0x9d, 0xe5, 0xf2, 0x20, 0xe0, 0xe7, 0x80, 0xf9, 0x8d, 0xfc, 0x8f, 0xff, 0xe5, 0xf2, 0x30, 0xe0, 0xfb, 0xe5, 0xf8, 0x5b, 0x6b, 0x60, 0x09, 0xd1, 0x9a, 0xe5, 0xf2, 0x20, 0xe0, 0xea, 0x80, 0xf9, 0x22, 0xeb, 0x42, 0xf8, 0x8d, 0xfc, 0xef, 0x44, 0x80, 0xf5, 0xff, 0x22, 0x8d, 0xfc, 0x8f, 0xff, 0xe5, 0xf2, 0x30, 0xe0, 0xfb, 0xe5, 0xf8, 0x5b, 0x6b, 0x60, 0x09, 0xd1, 0x9a, 0xe5, 0xf2, 0x20, 0xe0, 0xea, 0x80, 0xf9, 0x22, 0xef, 0x60, 0x42, 0x12, 0x9f, 0xe6, 0x80, 0x02, 0xc3, 0x33, 0xd8, 0xfc, 0xfb, 0x7d, 0x19, 0x7f, 0x07, 0x12, 0x01, 0x3d, 0xe5, 0x17, 0x70, 0x0d, 0x7b, 0x30, 0x7d, 0x1c, 0x7f, 0x07, 0xf1, 0x6f, 0x0d, 0xf1, 0x6f, 0x80, 0x60, 0xf1, 0x46, 0x80, 0x02, 0xc3, 0x33, 0xd8, 0xfc, 0xfb, 0x7d, 0x1c, 0x7f, 0x07, 0xf1, 0x8b, 0xf1, 0x46, 0x80, 0x02, 0xc3, 0x33, 0xd8, 0xfc, 0xfb, 0x7d, 0x1d, 0x7f, 0x07, 0xf1, 0x8b, 0x80, 0x40, 0xe5, 0x17, 0x70, 0x0d, 0x7b, 0x30, 0x7d, 0x1d, 0x7f, 0x07, 0xd1, 0xa5, 0x1d, 0xd1, 0xa5, 0x80, 0x1e, 0xf1, 0x46, 0x80, 0x02, 0xc3, 0x33, 0xd8, 0xfc, 0xfb, 0x7d, 0x1d, 0x7f, 0x07, 0xf1, 0x53, 0xf1, 0x46, 0x80, 0x02, 0xc3, 0x33, 0xd8, 0xfc, 0xfb, 0x7d, 0x1c, 0x7f, 0x07, 0xf1, 0x53, 0x12, 0x9f, 0xe6, 0x80, 0x02, 0xc3, 0x33, 0xd8, 0xfc, 0xfb, 0x7d, 0x19, 0x7f, 0x07, 0x12, 0x01, 0x9c, 0x7f, 0x00, 0x22, 0xe5, 0x17, 0x14, 0x25, 0xe0, 0xff, 0x74, 0x03, 0xc8, 0xef, 0xc8, 0x08, 0x22, 0x8d, 0xfc, 0x8f, 0xff, 0xe5, 0xf2, 0x30, 0xe0, 0xfb, 0xe5, 0xf9, 0x5b, 0x6b, 0x60, 0x0c, 0xeb, 0x42, 0xf9, 0xd1, 0x9d, 0xe5, 0xf2, 0x20, 0xe0, 0xe7, 0x80, 0xf9, 0x22, 0x8d, 0xfc, 0x8f, 0xff, 0xe5, 0xf2, 0x30, 0xe0, 0xfb, 0xe5, 0xf8, 0x5b, 0x60, 0x0d, 0xeb, 0xf4, 0x52, 0xf8, 0xd1, 0x9d, 0xe5, 0xf2, 0x20, 0xe0, 0xe7, 0xa2, 0x62,
	0x52, 0x9c, 0x3f, 0x86, 0x80, 0x78, 0x4a, 0xbf, 0x80, 0xf9, 0x22, 0x8d, 0xfc, 0x8f, 0xff, 0xe5, 0xf2, 0x30, 0xe0, 0xfb, 0xe5, 0xf9, 0x5b, 0x60, 0x0d, 0xeb, 0xf4, 0x52, 0xf9, 0xd1, 0x9d, 0xe5, 0xf2, 0x20, 0xe0, 0xe7, 0x80, 0xf9, 0x22, 0xe5, 0x18, 0x24, 0x21, 0xff, 0xe4, 0x33, 0x44, 0x05, 0xfe, 0x02, 0x01, 0xd6, 0x90, 0x02, 0x3e, 0xe0, 0xfc, 0xa3, 0xe0, 0xfd, 0xec, 0xf5, 0xf9, 0xed, 0xf5, 0xf8, 0xe5, 0x18, 0x24, 0x21, 0xfd, 0x7f, 0x05, 0x12, 0x00, 0x03, 0xe5, 0x18, 0x24, 0x20, 0xfd, 0x7b, 0x05, 0x7f, 0x05, 0x12, 0x01, 0x3d, 0xe5, 0x18, 0x24, 0x20, 0xfd, 0x7b, 0x02, 0x7f, 0x05, 0x02, 0x01, 0x3d, 0x75, 0x26, 0x40, 0x75, 0x27, 0x40, 0xb1, 0x26, 0x74, 0x10, 0xff, 0xee, 0xc0, 0xe0, 0xef, 0xc0, 0xe0, 0xe5, 0x26, 0xfc, 0x74, 0x78, 0xfd, 0xd0, 0xe0, 0xff, 0xd0, 0xe0, 0xfe, 0x12, 0x00, 0xa6, 0x12, 0x9b, 0xed, 0x74, 0x03, 0xf0, 0x75, 0x16, 0xff, 0x90, 0x00, 0xd4, 0xe0, 0x70, 0x02, 0xa3, 0xe0, 0x60, 0x0c, 0x90, 0x00, 0xd4, 0x51, 0xc5, 0x7f, 0x03, 0x12, 0x99, 0x50, 0x8f, 0x16, 0xe5, 0x16, 0xb4, 0xff, 0x07, 0x7f, 0x03, 0x12, 0x37, 0x66, 0x8f, 0x16, 0x90, 0x00, 0xd6, 0xe0, 0x70, 0x02, 0xa3, 0xe0, 0x60, 0x0c, 0x90, 0x00, 0xd6, 0x51, 0xc5, 0x7f, 0x03, 0x12, 0x99, 0x50, 0x8f, 0x16, 0x7f, 0x04, 0x7e, 0x07, 0x12, 0x01, 0xd6, 0x8e, 0x2d, 0x8f, 0x2e, 0x7f, 0x05, 0x7e, 0x07, 0x12, 0x01, 0xd6, 0x8e, 0x2f, 0x8f, 0x30, 0x7f, 0x06, 0x7e, 0x07, 0x12, 0x01, 0xd6, 0x8e, 0x31, 0x8f, 0x32, 0x7f, 0x00, 0x7e, 0x07, 0x12, 0x01, 0xd6, 0x8e, 0x33, 0x8f, 0x34, 0x7f, 0x01, 0x7e, 0x07, 0x12, 0x01, 0xd6, 0x8e, 0x35, 0x8f, 0x36, 0x7f, 0x02, 0x7e, 0x07, 0x12, 0x01, 0xd6, 0x8e, 0x37, 0x8f, 0x38, 0x7f, 0x03, 0x7e, 0x07, 0x12, 0x01, 0xd6, 0x8e, 0x39, 0x8f, 0x3a, 0x7b, 0x07, 0x7d, 0x7b, 0x7f, 0x07, 0x12, 0x00, 0x3e, 0x7b, 0x20, 0x7d, 0x78, 0x7f, 0x07, 0x12, 0x01, 0x59, 0x7d, 0x08, 0x7c, 0xdc, 0x7f, 0x04, 0x7e, 0x07, 0x12, 0x01, 0xea, 0x7d, 0x7e, 0x7c, 0x50, 0x7f, 0x05, 0x7e, 0x07, 0x12, 0x01, 0xea, 0x7d, 0x03, 0x7c, 0x00, 0x7f, 0x06, 0x12, 0x9f, 0x04, 0xff, 0x7e, 0x07, 0x12, 0x01, 0xea, 0x7d, 0x09, 0x7c, 0xee, 0x7f, 0x01, 0xd1, 0x3a, 0x7c, 0x0c, 0x7f, 0x02, 0x7e, 0x07, 0x12, 0x01, 0xea, 0x7d, 0x03, 0x7f, 0x07, 0x12, 0x00, 0x13, 0xb1, 0xe5, 0xb1, 0xe5, 0xe4, 0xfd, 0xfc, 0x7f, 0x03, 0x7e, 0x07, 0x12, 0x01, 0xea, 0xb1, 0xdc, 0x7d, 0x33, 0xd1, 0x30, 0x75, 0x2b, 0x7f, 0x75, 0x2c, 0xff, 0xe4, 0xf5, 0x29, 0xf5, 0x2a, 0xf5, 0x28, 0x7d, 0x5f, 0x7c, 0x07, 0x7f, 0x60, 0x7e, 0x07, 0x12, 0x01, 0xea, 0x7d, 0x61, 0x7f, 0x07, 0x12, 0x00, 0x13, 0xe5, 0xf8, 0x30, 0xe0, 0xf4, 0xe5, 0xf9, 0x54, 0x07, 0xfe, 0xe5, 0xf8, 0x54, 0xfe, 0xfd, 0xed, 0xff, 0xee, 0xc3, 0x13, 0xfe, 0xef, 0x13, 0xff, 0x7c, 0x00, 0x7d, 0x03, 0x12, 0x98, 0xa5, 0xef, 0x25, 0x2a, 0xf5, 0x2a, 0xee, 0x35, 0x29, 0xf5, 0x29, 0x05, 0x28, 0xe5, 0x28, 0xc3, 0x94, 0x02, 0x40, 0xbc, 0x74, 0x42, 0x25, 0x2a, 0xf5, 0x2a, 0x74, 0xf0, 0x35, 0x29, 0xf5, 0x29, 0xaf, 0x2c, 0xae, 0x2b, 0x12, 0x9a, 0xc5, 0xee, 0xc0, 0xe0, 0xef, 0xc0, 0xe0, 0xaf, 0x2a, 0xae, 0x29, 0x12, 0x9a, 0xc5, 0xd0, 0xe0, 0xfd, 0xd0, 0xe0, 0xfc, 0xc3, 0xef, 0x9d, 0xec, 0x64, 0x80, 0xf8, 0xee, 0x64, 0x80, 0x98, 0x40, 0x1b, 0xb1, 0x65, 0x40, 0x5b, 0xb1, 0x2f, 0x50, 0x57, 0xc3, 0xe4, 0x95, 0x2a, 0xff, 0xe4, 0x95, 0x29, 0xfe, 0xef, 0x65, 0x2c, 0x70, 0x03, 0xee, 0x65, 0x2b, 0x70, 0x44, 0x85, 0x26, 0x27, 0xd3, 0xe5, 0x2a, 0x94, 0x00, 0xb1, 0x2f, 0x40, 0x0e, 0xb1, 0x65, 0x40, 0x0a, 0xe5, 0x26, 0x94, 0x78, 0x50, 0x04, 0x74, 0x08, 0x80, 0x1e, 0xc3, 0xb1, 0x2f, 0x50, 0x1d, 0xc3, 0xb1, 0x6a, 0x40, 0x0b, 0xe5, 0x2c, 0xf4, 0x70, 0x04, 0xe5, 0x2b, 0x64, 0x7f, 0x70, 0x0d, 0xe5, 0x26, 0xd3, 0x94, 0x10, 0x40, 0x06, 0x74, 0xf8, 0x25, 0x26, 0xf5, 0x26, 0x85, 0x29, 0x2b, 0x85, 0x2a, 0x2c, 0x80, 0x03, 0x85, 0x27, 0x26, 0xe5, 0x27, 0x65, 0x26, 0x70, 0x29, 0xc3, 0x74, 0x6c, 0x95, 0x18, 0xff, 0xef, 0xfe, 0x74, 0x10, 0xff, 0xee, 0xc0, 0xe0, 0xef, 0xc0, 0xe0, 0xe5, 0x26, 0x24, 0xf0, 0xff, 0xe4, 0x34, 0xff, 0xef, 0xfc, 0x74, 0x78, 0xfd, 0xd0, 0xe0, 0xff, 0xd0, 0xe0, 0xfe, 0x12, 0x00, 0xa6, 0x80, 0x24, 0x12, 0xa5, 0x26, 0x74, 0x10, 0xff, 0xee, 0xc0, 0xe0, 0xef, 0xc0, 0xe0, 0xe5, 0x26, 0xfc, 0x74, 0x78, 0xfd, 0xd0, 0xe0, 0xff, 0xd0, 0xe0, 0xfe, 0x12, 0x00, 0xa6, 0x7f, 0x14, 0x7e, 0x00, 0x12, 0x02, 0x21, 0x01, 0xfb, 0x7b, 0x20, 0x7d, 0x78, 0x7f, 0x07, 0x12, 0x01, 0xb9, 0xb1, 0xdc, 0x7d, 0x33, 0x12, 0x01, 0x9c, 0xad, 0x2e, 0xac, 0x2d, 0x7f, 0x04, 0x7e, 0x07, 0x12, 0x01, 0xea, 0xad, 0x30, 0xac, 0x2f, 0x7f, 0x05, 0x7e, 0x07, 0x12, 0x01, 0xea, 0xad, 0x32, 0xac, 0x31, 0x7f, 0x06, 0x7e, 0x07, 0x12, 0x01, 0xea, 0xad, 0x34, 0xac, 0x33, 0x7f, 0x00, 0x7e, 0x07, 0x12, 0x01, 0xea, 0xad, 0x36, 0xac, 0x35, 0x7f, 0x01, 0x7e, 0x07, 0x12, 0x01, 0xea, 0xad, 0x38, 0xac, 0x37, 0x7f, 0x02, 0x7e, 0x07, 0x12, 0x01, 0xea, 0xad, 0x3a, 0xac, 0x39, 0x7f, 0x03, 0x7e, 0x07, 0x12, 0x01, 0xea, 0x75, 0x16, 0xff, 0x90, 0x00, 0xd4, 0xe0, 0x70, 0x02, 0xa3, 0xe0, 0x60, 0x07, 0x90, 0x00, 0xd4, 0x51, 0xc5, 0xb1, 0x27, 0xe5, 0x16, 0xb4, 0xff, 0x07, 0xe4, 0xff, 0x12, 0x37, 0x66, 0x8f, 0x16, 0x90, 0x00, 0xd6, 0xe0, 0x70, 0x02, 0xa3, 0xe0, 0x60, 0x07, 0x90, 0x00, 0xd6, 0x51, 0xc5, 0xb1, 0x27, 0x12, 0x9b, 0xed, 0xe4, 0xf0, 0x22, 0x90, 0x00, 0xc2, 0xe0, 0xfe, 0xa3, 0xe0, 0xf5, 0x82, 0x8e, 0x83, 0x22, 0xef, 0x70, 0x02, 0x61, 0xf6, 0x7f, 0x3c, 0x7e, 0x01, 0x12, 0x01, 0xd6, 0xef, 0x54, 0x0f, 0xf5, 0x53, 0x12, 0x9f, 0xe6, 0x80, 0x02, 0xc3, 0x33, 0xd8, 0xfc, 0xf4, 0x52, 0x20, 0x52, 0x24, 0xb1, 0x46, 0xf5, 0x83, 0xe0, 0xff, 0x64, 0x01, 0x60, 0x04, 0xef, 0xb4, 0x02, 0x07, 0xb1, 0x46, 0xf5, 0x83, 0x74, 0x03, 0xf0, 0x12, 0xa5, 0x32, 0x7b, 0x40, 0x7d, 0x04, 0x12, 0x01, 0x9c, 0xd1, 0x4c, 0x20, 0x0c, 0x0e, 0xe5, 0x53, 0x64, 0x0c, 0x60, 0x08, 0x7b, 0x01, 0x7d, 0x33, 0xb1, 0x20, 0x60, 0x64, 0xb1, 0x1c, 0x60, 0x53, 0xb1, 0x3e, 0x70, 0x02, 0xa3, 0xe0, 0x60, 0x07, 0x90, 0x00, 0xe4, 0x51, 0xc5, 0xb1, 0x06, 0xe5, 0x16, 0xb4, 0xff, 0x02, 0xb1, 0x36, 0x90, 0x00, 0xe6, 0xe0, 0x70, 0x02, 0xa3, 0xe0, 0x60, 0x07, 0x90, 0x00, 0xe6, 0x51, 0xc5, 0xb1, 0x06, 0xb1, 0x5a, 0x70, 0x02, 0xa3, 0xe0, 0x60, 0x05, 0x90, 0x00, 0xb4, 0xb1, 0x0e, 0xe5, 0x16, 0xb4, 0xff, 0x05, 0x12, 0x20, 0x84, 0x8f, 0x16, 0x90, 0x00, 0xb6, 0xe0, 0x70, 0x02, 0xa3, 0xe0, 0x60, 0x05, 0x90, 0x00, 0xb6, 0xb1, 0x0e, 0xa8, 0x1d, 0xa6, 0x16, 0x80, 0x07, 0x12, 0xa7, 0xb4, 0xb1, 0x1c, 0x60, 0x93, 0x0e,
	0x52, 0x9c, 0x3f, 0x86, 0xc0, 0xb7, 0x4a, 0xbf, 0xfc, 0x7e, 0x80, 0x7f, 0x03, 0x80, 0x2a, 0xd2, 0x0c, 0xe5, 0x53, 0x64, 0x0e, 0x70, 0x07, 0xb1, 0x71, 0x90, 0x41, 0xfe, 0x80, 0x06, 0x12, 0x9f, 0x0d, 0x90, 0x40, 0xfe, 0xd1, 0x42, 0xf5, 0xf8, 0xe5, 0x18, 0x24, 0x21, 0xfd, 0x7f, 0x05, 0x12, 0x00, 0x03, 0x12, 0xa7, 0xcc, 0x7e, 0x80, 0x7f, 0x0e, 0xe4, 0xfb, 0xad, 0x17, 0x12, 0x02, 0xd3, 0xb1, 0x46, 0xf5, 0x83, 0xe0, 0x64, 0x0a, 0x70, 0x02, 0xa1, 0x01, 0x75, 0x16, 0xff, 0x90, 0x00, 0xc0, 0xe0, 0x70, 0x02, 0xa3, 0xe0, 0x60, 0x09, 0x90, 0x00, 0xc0, 0x51, 0xc5, 0xe4, 0xfd, 0xb1, 0x28, 0xe5, 0x16, 0xb4, 0xff, 0x08, 0xe4, 0xfd, 0xff, 0x12, 0x32, 0x8d, 0x8f, 0x16, 0x90, 0x00, 0xc2, 0xe0, 0x70, 0x02, 0xa3, 0xe0, 0x70, 0x02, 0xa1, 0x01, 0x51, 0xc2, 0xe4, 0xfd, 0xb1, 0x28, 0xa1, 0x01, 0xe5, 0x18, 0x24, 0x23, 0xfd, 0x7f, 0x05, 0x12, 0x00, 0x13, 0xe5, 0xf8, 0x20, 0xe0, 0x02, 0xa1, 0x01, 0xe5, 0xf9, 0x60, 0x0c, 0xc2, 0x0c, 0x7e, 0x80, 0x7f, 0x1a, 0xab, 0xf9, 0xd1, 0x6a, 0xff, 0x22, 0x12, 0xa7, 0xa7, 0x8e, 0x51, 0x8f, 0x52, 0xb1, 0x50, 0x70, 0x03, 0xee, 0x65, 0x51, 0x70, 0x10, 0xe5, 0x53, 0x64, 0x0d, 0x60, 0x0a, 0xb1, 0x71, 0x90, 0x41, 0xfe, 0x12, 0xa7, 0xb7, 0xa1, 0x01, 0x90, 0x41, 0xfe, 0xb1, 0x53, 0x70, 0x03, 0xee, 0x65, 0x51, 0x60, 0x0f, 0xb1, 0x50, 0x70, 0x03, 0xee, 0x65, 0x51, 0x70, 0x64, 0xe5, 0x53, 0x64, 0x0d, 0x70, 0x5e, 0xc2, 0x0c, 0xb1, 0x1c, 0x60, 0x4f, 0xb1, 0x3e, 0x70, 0x02, 0xa3, 0xe0, 0x60, 0x07, 0x90, 0x00, 0xe4, 0x51, 0xc5, 0xb1, 0x06, 0xe5, 0x16, 0xb4, 0xff, 0x02, 0xb1, 0x36, 0x90, 0x00, 0xe6, 0xe0, 0x70, 0x02, 0xa3, 0xe0, 0x60, 0x07, 0x90, 0x00, 0xe6, 0x51, 0xc5, 0xb1, 0x06, 0xb1, 0x5a, 0x70, 0x02, 0xa3, 0xe0, 0x60, 0x05, 0x90, 0x00, 0xb4, 0xb1, 0x0e, 0xe5, 0x16, 0xb4, 0xff, 0x05, 0x12, 0x20, 0x84, 0x8f, 0x16, 0x90, 0x00, 0xb6, 0xe0, 0x70, 0x02, 0xa3, 0xe0, 0x60, 0x5d, 0x90, 0x00, 0xb6, 0xb1, 0x0e, 0x80, 0x56, 0x12, 0xa7, 0xb4, 0xb1, 0x1c, 0x70, 0x53, 0x80, 0xfa, 0xb1, 0x3e, 0x70, 0x02, 0xa3, 0xe0, 0x60, 0x07, 0x90, 0x00, 0xe4, 0x51, 0xc5, 0xb1, 0x06, 0xe5, 0x16, 0xb4, 0xff, 0x02, 0xb1, 0x36, 0x90, 0x00, 0xe6, 0xe0, 0x70, 0x02, 0xa3, 0xe0, 0x60, 0x07, 0x90, 0x00, 0xe6, 0x51, 0xc5, 0xb1, 0x06, 0xb1, 0x5a, 0x70, 0x02, 0xa3, 0xe0, 0x60, 0x05, 0x90, 0x00, 0xb4, 0xb1, 0x0e, 0xe5, 0x16, 0xb4, 0xff, 0x05, 0x12, 0x20, 0x84, 0x8f, 0x16, 0x90, 0x00, 0xb6, 0xe0, 0x70, 0x02, 0xa3, 0xe0, 0x60, 0x05, 0x90, 0x00, 0xb6, 0xb1, 0x0e, 0xa8, 0x1d, 0xa6, 0x16, 0xa8, 0x1d, 0xe6, 0xff, 0x22, 0x7f, 0x01, 0x12, 0x99, 0x50, 0x8f, 0x16, 0x22, 0xe0, 0xfe, 0xa3, 0xe0, 0xca, 0xee, 0xca, 0xf9, 0x12, 0x99, 0x4c, 0x8f, 0x16, 0x22, 0x7b, 0x01, 0x7d, 0x34, 0x7f, 0x07, 0x12, 0x00, 0xf6, 0xef, 0x22, 0xe4, 0xff, 0x12, 0x99, 0x50, 0x8f, 0x16, 0x22, 0xe5, 0x29, 0x64, 0x80, 0x94, 0x80, 0x22, 0x7f, 0x01, 0x12, 0x46, 0x02, 0x8f, 0x16, 0x22, 0x75, 0x16, 0xff, 0x90, 0x00, 0xe4, 0xe0, 0x22, 0x74, 0x00, 0x25, 0x17, 0xf5, 0x82, 0xe4, 0x34, 0x00, 0x22, 0x90, 0x40, 0xfe, 0xe0, 0xfe, 0xa3, 0xe0, 0x65, 0x52, 0x22, 0x12, 0xa7, 0xe4, 0x75, 0x16, 0xff, 0x90, 0x00, 0xb4, 0xe0, 0x22, 0xd3, 0xe5, 0x2c, 0x94, 0x00, 0xe5, 0x2b, 0x64, 0x80, 0x94, 0x80, 0x22, 0x7d, 0xb1, 0x7c, 0x8f, 0x12, 0x9f, 0xf1, 0x7d, 0x04, 0x7c, 0x60, 0xd1, 0x94, 0x7d, 0x1f, 0x7c, 0x70, 0xb1, 0xf9, 0xd1, 0x58, 0x7b, 0x01, 0x7d, 0x51, 0xd1, 0x7e, 0x7f, 0x50, 0xd1, 0x74, 0x7f, 0x5f, 0x7e, 0x07, 0x12, 0x00, 0xa6, 0x7b, 0x1e, 0x7d, 0x5e, 0x7f, 0x07, 0x12, 0x01, 0x9c, 0x7b, 0x01, 0x7d, 0x5e, 0x7f, 0x07, 0x12, 0x01, 0x3d, 0x7b, 0x04, 0x7d, 0x50, 0x7f, 0x07, 0x12, 0x01, 0x3d, 0x7b, 0x01, 0x7d, 0x50, 0x7f, 0x07, 0x12, 0x01, 0x3d, 0x7b, 0x10, 0x7d, 0x50, 0xb1, 0x20, 0x60, 0xf8, 0x7b, 0x01, 0x7d, 0x5e, 0x7f, 0x07, 0x12, 0x01, 0x9c, 0x7f, 0x51, 0xd1, 0x88, 0x40, 0x09, 0xd1, 0x61, 0x7f, 0x51, 0x7e, 0x07, 0x12, 0x00, 0x5c, 0x22, 0xc3, 0x74, 0x6c, 0x95, 0x18, 0xff, 0x7b, 0x20, 0x22, 0x43, 0xf9, 0x04, 0x7d, 0x03, 0x7f, 0x07, 0x12, 0x00, 0x03, 0x53, 0xf9, 0xfb, 0x7d, 0x03, 0x7f, 0x07, 0x02, 0x00, 0x03, 0x7f, 0x10, 0x7e, 0x07, 0x12, 0x01, 0xea, 0x7d, 0x00, 0x7c, 0x50, 0x7f, 0x11, 0x7e, 0x07, 0x12, 0x01, 0xea, 0x7d, 0xdd, 0x7c, 0x24, 0x7f, 0x12, 0x7e, 0x07, 0x12, 0x01, 0xea, 0x7d, 0x92, 0x7c, 0x31, 0x7f, 0x13, 0x7e, 0x07, 0x12, 0x01, 0xea, 0x7b, 0x02, 0x7d, 0x33, 0x7f, 0x07, 0x12, 0x01, 0x3d, 0x7b, 0x01, 0x7d, 0x33, 0x7f, 0x07, 0x12, 0x01, 0x3d, 0x7f, 0x0a, 0x7e, 0x00, 0x02, 0x02, 0x21, 0x7e, 0x07, 0x12, 0x01, 0xea, 0x7d, 0x00, 0x22, 0xe0, 0xfc, 0xa3, 0xe0, 0xfd, 0xec, 0xf5, 0xf9, 0xed, 0x22, 0xe5, 0x18, 0x24, 0x20, 0xfd, 0x7b, 0x04, 0x7f, 0x05, 0x02, 0x00, 0x20, 0x7b, 0x03, 0x7d, 0x3f, 0x7f, 0x07, 0x02, 0x01, 0x3d, 0x7b, 0xc1, 0x7a, 0x03, 0x7d, 0x41, 0x7c, 0x01, 0x22, 0xad, 0x17, 0x12, 0x02, 0xd3, 0xa8, 0x1d, 0xe4, 0xf6, 0x22, 0x7e, 0x07, 0x12, 0x00, 0xce, 0x7d, 0x0f, 0x7c, 0x02, 0x22, 0x7f, 0x07, 0x12, 0x01, 0x9c, 0x7d, 0xf0, 0x7c, 0x40, 0x22, 0x7e, 0x07, 0x12, 0x01, 0xd6, 0xef, 0x54, 0x1e, 0xd3, 0x94, 0x0a, 0x22, 0x7f, 0x08, 0x7e, 0x07, 0x12, 0x01, 0xea, 0x7d, 0xc0, 0x7c, 0x51, 0x7f, 0x09, 0x7e, 0x07, 0x12, 0x01, 0xea, 0xe4, 0xfd, 0xfc, 0x7f, 0x0a, 0x7e, 0x07, 0x12, 0x01, 0xea, 0x7d, 0x00, 0x7c, 0x10, 0x7f, 0x0b, 0x7e, 0x07, 0x12, 0x01, 0xea, 0x7d, 0x22, 0x7c, 0x01, 0x7f, 0x0c, 0x7e, 0x07, 0x12, 0x01, 0xea, 0x7d, 0xed, 0x7c, 0x06, 0x7f, 0x0d, 0x7e, 0x07, 0x12, 0x01, 0xea, 0x7d, 0x00, 0x7c, 0xe0, 0x7f, 0x0e, 0x7e, 0x07, 0x12, 0x01, 0xea, 0x7d, 0xc0, 0x7c, 0x00, 0x7f, 0x0f, 0x7e, 0x07, 0x02, 0x01, 0xea, 0x7b, 0x02, 0x7d, 0xf6, 0xe4, 0xff, 0x12, 0x01, 0x59, 0x7f, 0x00, 0x22, 0x7d, 0x00, 0x7c, 0x0a, 0x7f, 0x05, 0x7e, 0x63, 0x12, 0x01, 0xea, 0x7d, 0xbf, 0x7c, 0x1c, 0x7f, 0x2d, 0x7e, 0x63, 0x12, 0x01, 0xea, 0x30, 0x0f, 0x03, 0x02, 0xb4, 0x63, 0x12, 0xb4, 0x90, 0xef, 0x64, 0x02, 0x60, 0x03, 0x02, 0xb4, 0x18, 0x90, 0x00, 0xdc, 0x74, 0x9a, 0xf0, 0xa3, 0x74, 0xd8, 0xf0, 0x90, 0x00, 0xd4, 0x74, 0x9b, 0xf0, 0xa3, 0x74, 0x35, 0xf0, 0x90, 0x00, 0xda, 0x74, 0xa0, 0xf0, 0xa3, 0x74, 0x04, 0xf0, 0x90, 0x00, 0xce, 0x74, 0xa3, 0xf0, 0xa3, 0x74, 0x67, 0xf0, 0x90, 0x00, 0xd2, 0x74, 0xa4, 0xf0, 0xa3, 0x74, 0x9d, 0xf0, 0x90, 0x00, 0xe4, 0x74, 0xa6, 0xf0, 0xa3, 0x74, 0xbe, 0xf0, 0x90, 0x00, 0x82, 0x74, 0xa5, 0xf0, 0xa3, 0x74, 0xab, 0xf0, 0x90, 0x00, 0x88, 0x74, 0xaa, 0xf0, 0xa3, 0x74, 0xce, 0xf0, 0x90, 0x00, 0x92, 0x74, 0xa4, 0xf0, 0x81, 0x84,
	0x52, 0x9c, 0x3f, 0x86, 0x00, 0xf7, 0x4a, 0xbf, 0xa3, 0x74, 0xe3, 0xf0, 0x90, 0x00, 0x9c, 0x74, 0xa5, 0xf0, 0xa3, 0x74, 0x39, 0xf0, 0x90, 0x00, 0x94, 0x74, 0x9b, 0xf0, 0xa3, 0x74, 0xf9, 0xf0, 0x90, 0x00, 0xba, 0x74, 0xae, 0xf0, 0xa3, 0x74, 0xe7, 0xf0, 0x78, 0x74, 0x7c, 0x2d, 0x7d, 0x01, 0x7b, 0xff, 0x7a, 0x94, 0x79, 0x7d, 0x7e, 0x00, 0x7f, 0x98, 0x12, 0x9a, 0x0e, 0x90, 0x2d, 0x70, 0x74, 0x04, 0xf0, 0x78, 0xa4, 0x7c, 0x2e, 0x7d, 0x01, 0x7b, 0xff, 0x7a, 0x95, 0x79, 0x15, 0x12, 0xb4, 0x89, 0x90, 0x2d, 0x71, 0x74, 0x08, 0xf0, 0x78, 0xd4, 0x7c, 0x2f, 0x7d, 0x01, 0x7b, 0xff, 0x7a, 0x96, 0x79, 0x45, 0x12, 0xb4, 0x89, 0x90, 0x2d, 0x72, 0x74, 0x08, 0xf0, 0x78, 0x04, 0x7c, 0x31, 0x7d, 0x01, 0x7b, 0xff, 0x7a, 0x97, 0x79, 0x75, 0x12, 0xb4, 0x89, 0x90, 0x2d, 0x73, 0x74, 0x08, 0xf0, 0x7a, 0x01, 0x79, 0x40, 0x7e, 0x01, 0x7f, 0x40, 0x74, 0x40, 0x78, 0x02, 0xce, 0xc3, 0x13, 0xce, 0x13, 0xd8, 0xf9, 0xff, 0x90, 0x02, 0x3e, 0xee, 0xf0, 0xa3, 0xef, 0xf0, 0x78, 0x40, 0x7c, 0x01, 0x7d, 0x01, 0x7b, 0xff, 0x7a, 0x80, 0x79, 0x61, 0x7e, 0x00, 0x7f, 0x4c, 0x12, 0x9a, 0x0e, 0x7a, 0x02, 0x79, 0x40, 0x7e, 0x02, 0x7f, 0x40, 0x74, 0x40, 0x78, 0x02, 0xce, 0xc3, 0x13, 0xce, 0x13, 0xd8, 0xf9, 0xff, 0x90, 0x04, 0x3e, 0xee, 0xf0, 0xa3, 0xef, 0xf0, 0x78, 0x40, 0x7c, 0x02, 0x91, 0x97, 0x7a, 0x04, 0x79, 0x40, 0x7e, 0x04, 0x7f, 0x40, 0x74, 0x40, 0x78, 0x02, 0xce, 0xc3, 0x13, 0xce, 0x13, 0xd8, 0xf9, 0xff, 0x90, 0x06, 0x3e, 0xee, 0xf0, 0xa3, 0xef, 0xf0, 0x78, 0x40, 0x7c, 0x04, 0x7d, 0x01, 0x7b, 0xff, 0x7a, 0x82, 0x79, 0x61, 0x7e, 0x01, 0x7f, 0x54, 0x12, 0x9a, 0x0e, 0x7a, 0x07, 0x79, 0x40, 0x7e, 0x07, 0x7f, 0x40, 0x74, 0x40, 0x78, 0x02, 0xce, 0xc3, 0x13, 0xce, 0x13, 0xd8, 0xf9, 0xff, 0x90, 0x08, 0x3e, 0xee, 0xf0, 0xa3, 0xef, 0xf0, 0x78, 0x40, 0x7c, 0x07, 0x7d, 0x01, 0x7b, 0xff, 0x7a, 0x88, 0x79, 0x89, 0x7e, 0x00, 0x7f, 0xac, 0x12, 0x9a, 0x0e, 0x7a, 0x08, 0x79, 0x40, 0x7e, 0x08, 0x7f, 0x40, 0x74, 0x40, 0x78, 0x02, 0xce, 0xc3, 0x13, 0xce, 0x13, 0xd8, 0xf9, 0xff, 0x90, 0x09, 0x3e, 0xee, 0xf0, 0xa3, 0xef, 0xf0, 0x78, 0x40, 0x7c, 0x08, 0x7d, 0x01, 0x7b, 0xff, 0x7a, 0x89, 0x79, 0x35, 0x7e, 0x00, 0x7f, 0xac, 0x12, 0x9a, 0x0e, 0x7a, 0x09, 0x79, 0x40, 0x7e, 0x09, 0x7f, 0x40, 0x74, 0x40, 0x78, 0x02, 0xce, 0xc3, 0x13, 0xce, 0x13, 0xd8, 0xf9, 0xff, 0x90, 0x0a, 0x3e, 0xee, 0xf0, 0xa3, 0xef, 0xf0, 0x78, 0x40, 0x7c, 0x09, 0x7d, 0x01, 0x7b, 0xff, 0x7a, 0x8a, 0x79, 0x8d, 0x7e, 0x00, 0x7f, 0xac, 0x12, 0x9a, 0x0e, 0x7a, 0x0a, 0x79, 0x40, 0x7e, 0x0a, 0x7f, 0x40, 0x74, 0x40, 0x78, 0x02, 0xce, 0xc3, 0x13, 0xce, 0x13, 0xd8, 0xf9, 0xff, 0x90, 0x0b, 0x3e, 0xee, 0xf0, 0xa3, 0xef, 0xf0, 0x78, 0x40, 0x7c, 0x0a, 0x7d, 0x01, 0x7b, 0xff, 0x7a, 0x8b, 0x79, 0x39, 0x7e, 0x00, 0x7f, 0xac, 0x12, 0x9a, 0x0e, 0x7a, 0x0b, 0x79, 0x40, 0x7e, 0x0b, 0x7f, 0x40, 0x74, 0x40, 0x78, 0x02, 0xce, 0xc3, 0x13, 0xce, 0x13, 0xd8, 0xf9, 0xff, 0x90, 0x0d, 0x3e, 0xee, 0xf0, 0xa3, 0xef, 0xf0, 0x78, 0x40, 0x7c, 0x0b, 0x7d, 0x01, 0x7b, 0xff, 0x7a, 0x8b, 0x79, 0xe5, 0x7e, 0x01, 0x7f, 0x08, 0x12, 0x9a, 0x0e, 0x7a, 0x0d, 0x79, 0x40, 0x7e, 0x0d, 0x7f, 0x40, 0x74, 0x40, 0x78, 0x02, 0xce, 0xc3, 0x13, 0xce, 0x13, 0xd8, 0xf9, 0xff, 0x90, 0x0f, 0x3e, 0xee, 0xf0, 0xa3, 0xef, 0xf0, 0x78, 0x40, 0x7c, 0x0d, 0x7d, 0x01, 0x7b, 0xff, 0x7a, 0x8c, 0x79, 0xed, 0x7e, 0x01, 0x7f, 0x08, 0x12, 0x9a, 0x0e, 0x7a, 0x0f, 0x79, 0x40, 0x7e, 0x0f, 0x7f, 0x40, 0x74, 0x40, 0x78, 0x02, 0xce, 0xc3, 0x13, 0xce, 0x13, 0xd8, 0xf9, 0xff, 0x90, 0x11, 0x3e, 0xee, 0xf0, 0xa3, 0xef, 0xf0, 0x78, 0x40, 0x7c, 0x0f, 0x7d, 0x01, 0x7b, 0xff, 0x7a, 0x8d, 0x79, 0xf5, 0x7e, 0x01, 0x7f, 0x84, 0x12, 0x9a, 0x0e, 0x7a, 0x11, 0x79, 0x40, 0x7e, 0x11, 0x7f, 0x40, 0x74, 0x40, 0x78, 0x02, 0xce, 0xc3, 0x13, 0xce, 0x13, 0xd8, 0xf9, 0xff, 0x90, 0x13, 0x3e, 0xee, 0xf0, 0xa3, 0xef, 0xf0, 0x78, 0x40, 0x7c, 0x11, 0x7d, 0x01, 0x7b, 0xff, 0x7a, 0x8f, 0x79, 0x79, 0x7e, 0x01, 0x7f, 0x84, 0x12, 0x9a, 0x0e, 0x7a, 0x13, 0x79, 0x40, 0x7e, 0x13, 0x7f, 0x40, 0x74, 0x40, 0x78, 0x02, 0xce, 0xc3, 0x13, 0xce, 0x13, 0xd8, 0xf9, 0xff, 0x90, 0x15, 0x3e, 0xee, 0xf0, 0xa3, 0xef, 0xf0, 0x78, 0x40, 0x7c, 0x13, 0x7d, 0x01, 0x7b, 0xff, 0x7a, 0x83, 0x79, 0xb5, 0x91, 0x82, 0x7a, 0x15, 0x79, 0x40, 0x7e, 0x15, 0x7f, 0x40, 0x74, 0x40, 0x78, 0x02, 0xce, 0xc3, 0x13, 0xce, 0x13, 0xd8, 0xf9, 0xff, 0x90, 0x17, 0x3e, 0xee, 0xf0, 0xa3, 0xef, 0xf0, 0x78, 0x40, 0x7c, 0x15, 0x7d, 0x01, 0x7b, 0xff, 0x7a, 0x84, 0x79, 0xdd, 0x91, 0x82, 0x7a, 0x17, 0x79, 0x40, 0x7e, 0x17, 0x7f, 0x40, 0x74, 0x40, 0x78, 0x02, 0xce, 0xc3, 0x13, 0xce, 0x13, 0xd8, 0xf9, 0xff, 0x90, 0x19, 0x3e, 0xee, 0xf0, 0xa3, 0xef, 0xf0, 0x78, 0x40, 0x7c, 0x17, 0x7d, 0x01, 0x7b, 0xff, 0x7a, 0x86, 0x79, 0x05, 0x91, 0x82, 0x7a, 0x19, 0x79, 0x40, 0x7e, 0x19, 0x7f, 0x40, 0x74, 0x40, 0x78, 0x02, 0xce, 0xc3, 0x13, 0xce, 0x13, 0xd8, 0xf9, 0xff, 0x90, 0x1b, 0x3e, 0xee, 0xf0, 0xa3, 0xef, 0xf0, 0x78, 0x40, 0x7c, 0x19, 0x7d, 0x01, 0x7b, 0xff, 0x7a, 0x87, 0x79, 0x2d, 0x91, 0x89, 0x7a, 0x1b, 0x79, 0x40, 0x7e, 0x1b, 0x7f, 0x40, 0x74, 0x40, 0x78, 0x02, 0xce, 0xc3, 0x13, 0xce, 0x13, 0xd8, 0xf9, 0xff, 0x90, 0x1c, 0x3e, 0xee, 0xf0, 0xa3, 0xef, 0xf0, 0x78, 0x40, 0x7c, 0x1b, 0x7d, 0x01, 0x7b, 0xff, 0x7a, 0x88, 0x79, 0x5d, 0x7e, 0x00, 0x7f, 0x2c, 0x12, 0x9a, 0x0e, 0x7a, 0x1c, 0x79, 0x40, 0x7e, 0x1c, 0x7f, 0x40, 0x74, 0x40, 0x78, 0x02, 0xce, 0xc3, 0x13, 0xce, 0x13, 0xd8, 0xf9, 0xff, 0x90, 0x1e, 0x3e, 0xee, 0xf0, 0xa3, 0xef, 0xf0, 0x78, 0x40, 0x7c, 0x1c, 0x91, 0x97, 0x7a, 0x24, 0x79, 0x40, 0x7e, 0x24, 0x7f, 0x40, 0x74, 0x40, 0x78, 0x02, 0xce, 0xc3, 0x13, 0xce, 0x13, 0xd8, 0xf9, 0xff, 0x90, 0x25, 0x3e, 0xee, 0xf0, 0xa3, 0xef, 0xf0, 0x78, 0x40, 0x7c, 0x24, 0x7d, 0x01, 0x7b, 0xff, 0x7a, 0x90, 0x79, 0xfd, 0x91, 0x7b, 0x7a, 0x40, 0x79, 0x00, 0x7e, 0x40, 0x7f, 0x00, 0x74, 0x00, 0x78, 0x02, 0xce, 0xc3, 0x13, 0xce, 0x13, 0xd8, 0xf9, 0xff, 0x90, 0x40, 0xfe, 0xee, 0xf0, 0xa3, 0xef, 0xf0, 0x78, 0x00, 0x7c, 0x40, 0x7d, 0x01, 0x7b, 0xff, 0x7a, 0x91, 0x79, 0x99, 0x91, 0x7b, 0x7a, 0x41, 0x79, 0x00, 0x7e, 0x41, 0x7f, 0x00, 0x74, 0x00, 0x78, 0x02, 0xce, 0xc3, 0x13, 0xce, 0x13, 0xd8, 0xf9, 0xff, 0x90, 0x41, 0xfe, 0xee, 0xf0, 0xa3, 0xef, 0xf0, 0x78, 0x00, 0x7c, 0x41, 0x7d, 0x01, 0x7b, 0xff, 0x7a, 0x92, 0x79, 0x35, 0x91, 0x7b, 0x7a, 0x42, 0x79, 0x00, 0x7e, 0x42, 0x7f, 0x00, 0x74, 0x00, 0x78, 0xa2, 0x14,
	0x52, 0x3c, 0x1f, 0x86, 0x40, 0x36, 0x0b, 0x9e, 0x02, 0xce, 0xc3, 0x13, 0xce, 0x13, 0xd8, 0xf9, 0xff, 0x90, 0x42, 0xfe, 0xee, 0xf0, 0xa3, 0xef, 0xf0, 0x78, 0x00, 0x7c, 0x42, 0x7d, 0x01, 0x7b, 0xff, 0x7a, 0x89, 0x79, 0xe1, 0x7e, 0x00, 0x7f, 0xac, 0x12, 0x9a, 0x0e, 0x7a, 0x43, 0x79, 0x00, 0x7e, 0x43, 0x7f, 0x00, 0x74, 0x00, 0x78, 0x02, 0xce, 0xc3, 0x13, 0xce, 0x13, 0xd8, 0xf9, 0xff, 0x90, 0x44, 0xfe, 0xee, 0xf0, 0xa3, 0xef, 0xf0, 0x78, 0x00, 0x7c, 0x43, 0x7d, 0x01, 0x7b, 0xff, 0x7a, 0x92, 0x79, 0xd1, 0x7e, 0x01, 0x7f, 0xac, 0x12, 0x9a, 0x0e, 0x90, 0x00, 0x10, 0x74, 0x7e, 0xf0, 0xa3, 0x74, 0x80, 0xf0, 0x90, 0x00, 0x0d, 0x74, 0x07, 0xf0, 0x90, 0x00, 0x08, 0x74, 0x0e, 0xf0, 0xa3, 0x74, 0x1b, 0xf0, 0xa3, 0xf0, 0xa3, 0xf0, 0x90, 0x00, 0x0e, 0xe0, 0x44, 0x40, 0xf0, 0x12, 0xad, 0x1c, 0x70, 0x37, 0x90, 0x02, 0x3e, 0x12, 0xae, 0x42, 0xf5, 0xf8, 0x7d, 0xa1, 0x7f, 0x05, 0x12, 0x00, 0x03, 0x7b, 0x05, 0x7d, 0xa0, 0x7f, 0x05, 0x12, 0x01, 0x3d, 0x7b, 0x02, 0x7d, 0xa0, 0x7f, 0x05, 0x12, 0x01, 0x3d, 0x7b, 0x01, 0x7d, 0xa3, 0x12, 0xa5, 0xa4, 0x60, 0xf7, 0xe4, 0xf5, 0xf9, 0x75, 0xf8, 0x04, 0x7d, 0xa0, 0x7f, 0x05, 0x12, 0x00, 0x03, 0x91, 0x90, 0xef, 0x7f, 0x00, 0xfe, 0xef, 0xc0, 0xe0, 0xee, 0xc0, 0xe0, 0x91, 0x90, 0xee, 0xfd, 0xd0, 0xe0, 0xfc, 0xd0, 0xe0, 0x4d, 0xfd, 0xec, 0xc0, 0xe0, 0xed, 0xc0, 0xe0, 0x7f, 0x05, 0x7e, 0x63, 0x12, 0x01, 0xd6, 0xef, 0x7f, 0x00, 0xfe, 0xef, 0xc0, 0xe0, 0xee, 0xc0, 0xe0, 0x7f, 0x05, 0x7e, 0x63, 0x12, 0x01, 0xd6, 0xee, 0xfd, 0xd0, 0xe0, 0xfa, 0xd0, 0xe0, 0x4d, 0xfb, 0x7e, 0x80, 0x7f, 0x46, 0xd0, 0xe0, 0xfd, 0xd0, 0xe0, 0xfc, 0x12, 0x02, 0xed, 0x7b, 0xc0, 0x7a, 0x06, 0x7d, 0x7f, 0x7c, 0xff, 0x7f, 0xf6, 0x7e, 0x00, 0x12, 0x00, 0x5c, 0x7b, 0x02, 0x7d, 0xf4, 0xe4, 0xff, 0x02, 0x01, 0xb9, 0x7e, 0x00, 0x7f, 0x9c, 0x02, 0x9a, 0x0e, 0x7e, 0x01, 0x7f, 0x28, 0x02, 0x9a, 0x0e, 0x7e, 0x01, 0x7f, 0x30, 0x02, 0x9a, 0x0e, 0x7f, 0x04, 0x7e, 0x63, 0x02, 0x01, 0xd6, 0x7d, 0x01, 0x7b, 0xff, 0x7a, 0x80, 0x79, 0xad, 0x7e, 0x01, 0x7f, 0xb4, 0x02, 0x9a, 0x0e, 0x7d, 0x3f, 0x7c, 0x70, 0x7f, 0x10, 0x7e, 0x07, 0x12, 0x01, 0xea, 0x7d, 0x00, 0x7c, 0x60, 0x7f, 0x11, 0x7e, 0x07, 0x12, 0x01, 0xea, 0x7d, 0xb6, 0x7c, 0x6d, 0x7f, 0x12, 0x7e, 0x07, 0x02, 0x01, 0xea, 0x7b, 0x02, 0x7d, 0x33, 0x7f, 0x07, 0x12, 0x01, 0x9c, 0x7f, 0x64, 0x7e, 0x00, 0x02, 0x02, 0x21, 0x85, 0x4e, 0x82, 0x85, 0x4d, 0x83, 0xaf, 0x4a, 0x05, 0x4a, 0x75, 0xf0, 0x02, 0xef, 0x12, 0x99, 0x40, 0xe0, 0xf5, 0x4b, 0xa3, 0xe0, 0xf5, 0x4c, 0x22, 0xe4, 0xfd, 0x12, 0x01, 0x59, 0xc3, 0x74, 0x6d, 0x95, 0x18, 0xff, 0x22, 0x7c, 0x80, 0x7f, 0x8b, 0x7e, 0x00, 0x02, 0x01, 0xea, 0xf5, 0xf8, 0xe5, 0x4b, 0xf5, 0xf9, 0x8c, 0xfc, 0xed, 0x44, 0x80, 0xf5, 0xff, 0x22, 0xe4, 0x94, 0x00, 0xef, 0x7f, 0x00, 0xfe, 0x7d, 0x01, 0x7c, 0x60, 0x22, 0x7c, 0x80, 0x7f, 0x8a, 0x7e, 0x00, 0x02, 0x01, 0xea, 0x7c, 0x80, 0x7f, 0x94, 0x7e, 0x00, 0x02, 0x01, 0xea, 0xe4, 0xfd, 0x7f, 0x02, 0x12, 0x99, 0x50, 0x8f, 0x16, 0x22, 0xc3, 0x74, 0x6c, 0x95, 0x18, 0xff, 0x7b, 0x01, 0x22, 0x08, 0x00, 0x3d, 0xff, 0xff, 0x00, 0x02, 0x15, 0x00, 0x3d, 0x00, 0x00, 0x00, 0x02, 0x16, 0x62,
	//GPIO lock flag setting
	0x52, 0xdc, 0x11, 0x08, 0x80, 0x26, 0x00, 0x3c, 0x00, 0x7c, 0x48, 0x00, 0x1c, 0x00, 0x7b, 0x00, 0xff, 0x48, 0xc0, 0x1a, 0xff, 0xff, 0x02, 0x00, 0xc6, 0x00, 0x64, 0xc2, 0x80, 0x70, 0x08, 0x80, 0x26, 0x00, 0x00, 0x00, 0x40, 0xb6, 0x36, 0x00, 0x00, 0xc6, 0x00, 0x84, 0xc2, 0x80, 0x70, 0x08, 0x80, 0x26, 0x00, 0x00, 0x00, 0x40, 0xb6, 0x36, 0x00, 0x00, 0xc6, 0x00, 0xa4, 0xc2, 0x80, 0x70, 0x08, 0x80, 0x26, 0x00, 0x00, 0x00, 0x40, 0xb6, 0x36, 0x00, 0x00, 0xc6, 0x00, 0xc4, 0xc2, 0x80, 0x70, 0x08, 0x80, 0x26, 0x00, 0x00, 0x00, 0x40, 0xb6, 0x36, 0x00, 0x00, 0xc6, 0x00, 0x54, 0xc2, 0x82, 0x88, 0x02, 0xd9, 0x58, 0x13, 0x13, 0x00, 0xff, 0x00, 0x1e, 0x00, 0x00, 0x00, 0xd9, 0x98, 0x13, 0x13, 0x00, 0xff, 0x00, 0x1e, 0x00, 0x00, 0x00, 0xd9, 0xd8, 0x13, 0x13, 0x00, 0xff, 0x00, 0x1e, 0x00, 0x00, 0x00, 0x08, 0x80, 0x26, 0xff, 0xff, 0x00, 0x40, 0xcd, 0x8a, 0xc6, 0x00, 0x74, 0xc2, 0x82, 0x88, 0x02, 0xd9, 0x18, 0x13, 0x13, 0x00, 0xff, 0x00, 0x1e, 0x00, 0x00, 0x00, 0xd9, 0x98, 0x13, 0x13, 0x00, 0xff, 0x00, 0x1e, 0x00, 0x00, 0x00, 0xd9, 0xd8, 0x13, 0x13, 0x00, 0xff, 0x00, 0x1e, 0x00, 0x00, 0x00, 0x08, 0x80, 0x26, 0xff, 0xff, 0x00, 0x40, 0x7f, 0xa0, 0xc6, 0x00, 0x94, 0xc2, 0x82, 0x88, 0x02, 0xd9, 0x18, 0x13, 0x13, 0x00, 0xff, 0x00, 0x1e, 0x00, 0x00, 0x00, 0xd9, 0x58, 0x13, 0x13, 0x00, 0xff, 0x00, 0x1e, 0x00, 0x00, 0x00, 0xd9, 0xd8, 0x13, 0x13, 0x00, 0xff, 0x00, 0x1e, 0x00, 0x00, 0x00, 0x08, 0x80, 0x26, 0xff, 0xff, 0x00, 0x40, 0xc9, 0x9d, 0xc6, 0x00, 0xb4, 0xc2, 0x82, 0x88, 0x02, 0xd9, 0x18, 0x13, 0x13, 0x00, 0xff, 0x00, 0x1e, 0x00, 0x00, 0x00, 0xd9, 0x58, 0x13, 0x13, 0x00, 0xff, 0x00, 0x1e, 0x00, 0x00, 0x00, 0xd9, 0x98, 0x13, 0x13, 0x00, 0xff, 0x00, 0x1e, 0x00, 0x00, 0x00, 0x08, 0x80, 0x26, 0xff, 0xff, 0x00, 0x40, 0x4d, 0xbe, 0xdf, 0x63,
	//hsmt link start
	0x52, 0x82, 0x00, 0x02, 0x01, 0x00, 0x00, 0x00, 0x00, 0x00, 0x22, 0xa5,
	0x52, 0x82, 0x00, 0x02, 0x02, 0x00, 0x00, 0x00, 0x00, 0x00, 0x2e, 0xd8,
	0x52, 0x82, 0x00, 0x02, 0x04, 0x00, 0x00, 0x00, 0x00, 0x00, 0x36, 0x22,
	0x52, 0x82, 0x00, 0x02, 0x08, 0x00, 0x00, 0x00, 0x00, 0x00, 0x07, 0xd6,
	0x52, 0x62, 0x00, 0x02, 0x0f, 0x00, 0x03, 0x00, 0x6e, 0xa8,
	//i2c setting
	0x52, 0xbc, 0x04, 0x08, 0x40, 0x26, 0xff, 0xff, 0x01, 0x00, 0x00, 0xd8, 0x0d, 0xbc, 0x02, 0x08, 0x98, 0xc6, 0xff, 0xff, 0x08, 0x00, 0x08, 0x58, 0x24, 0xff, 0xff, 0x01, 0x00, 0x08, 0xd8, 0x24, 0x01, 0x00, 0x3f, 0x00, 0x08, 0xd8, 0x24, 0x00, 0x05, 0x00, 0x1f, 0x08, 0x58, 0x1c, 0xff, 0xff, 0x00, 0x20, 0x08, 0x18, 0x01, 0x05, 0x00, 0x3f, 0x00, 0x08, 0x58, 0x1c, 0x00, 0x00, 0x00, 0x20, 0x08, 0x18, 0x04, 0x10, 0x32, 0xff, 0xff, 0x08, 0x58, 0x04, 0x04, 0x00, 0xff, 0xff, 0x01, 0xd8,
	//some power saving setting
	0x52, 0x5c, 0x01, 0xc8, 0xc1, 0x05, 0x00, 0x20, 0x00, 0x3c, 0xc8, 0x01, 0x06, 0x10, 0x00, 0x10, 0x00, 0xc8, 0x41, 0x06, 0x00, 0x08, 0x00, 0x0e, 0x57, 0x65,
	//analog setting for mipi0 & mipi1: mipi0 dphy 1G
	0x52, 0x9c, 0x19, 0xc8, 0x81, 0x07, 0x00, 0x00, 0x01, 0x00, 0xc8, 0xc1, 0x07, 0x00, 0x00, 0x01, 0x00, 0xc8, 0x81, 0x07, 0x00, 0x00, 0x04, 0x00, 0xc8, 0xc1, 0x07, 0x00, 0x00, 0x04, 0x00, 0x00, 0x80, 0x20, 0xbf, 0x0e, 0x00, 0xc0, 0x20, 0x03, 0x00, 0x08, 0xc0, 0x04, 0x00, 0x00, 0x08, 0x00, 0x0d, 0x0a, 0x00, 0x00, 0x00, 0x08, 0xc0, 0x04, 0x00, 0x00, 0x08, 0x00, 0x0d, 0x0a, 0x00, 0x00, 0x00, 0x08, 0xc0, 0x04, 0x00, 0x00, 0x08, 0x00, 0x0d, 0x00, 0x00, 0x00, 0x00, 0x08, 0xc0, 0x04, 0xff, 0xff, 0x08, 0x00, 0x0d, 0x0a, 0x00, 0x00, 0x00, 0x08, 0xc0, 0x04, 0xff, 0xff, 0x08, 0x00, 0x0d, 0x0a, 0x00, 0x00, 0x00, 0x08, 0xc0, 0x04, 0xff, 0xff, 0x08, 0x00, 0xc0, 0x1f, 0x0b, 0x01, 0x00, 0xc0, 0x9f, 0x09, 0x05, 0x00, 0xc0, 0xdf, 0x09, 0x05, 0x00, 0xc0, 0x1f, 0x0a, 0x05, 0x00, 0xc0, 0x5f, 0x0a, 0x05, 0x00, 0xc0, 0xdf, 0x0a, 0x05, 0x00, 0xc0, 0x1f, 0x0e, 0x98, 0x05, 0xc0, 0x5f, 0x0e, 0x38, 0x00, 0xc0, 0x1f, 0x10, 0xe0, 0x80, 0xc0, 0x5f, 0x10, 0x40, 0x40, 0xc0, 0x9f, 0x10, 0x60, 0x80, 0xc8, 0x1f, 0x14, 0xff, 0xff, 0x01, 0x00, 0xc8, 0x1f, 0x14, 0xff, 0xff, 0x02, 0x00, 0x0d, 0x0a, 0x00, 0x00, 0x00, 0xc8, 0x1f, 0x14, 0x00, 0x00, 0x01, 0x00, 0x0d, 0x64, 0x00, 0x00, 0x00, 0xc8, 0x1f, 0x09, 0x60, 0x01, 0xff, 0xd5, 0xc0, 0x5f, 0x09, 0x60, 0x01, 0xc8, 0x1f, 0x09, 0x60, 0xc1, 0xff, 0xd5, 0xc0, 0x1f, 0x00, 0xc5, 0x63, 0xc0, 0x5f, 0x00, 0x01, 0x00, 0xc0, 0x9f, 0x00, 0x20, 0xc5, 0xc0, 0xdf, 0x00, 0xc5, 0x63, 0xc0, 0x1f, 0x01, 0x01, 0x00, 0xc0, 0x5f, 0x01, 0x20, 0xc5, 0xc0, 0x9f, 0x01, 0xc7, 0x63, 0xc0, 0xdf, 0x01, 0x01, 0x00, 0xc0, 0x1f, 0x02, 0x20, 0xc5, 0xc0, 0x5f, 0x02, 0xc7, 0x63, 0xc0, 0x9f, 0x02, 0x01, 0x00, 0xc0, 0xdf, 0x02, 0x20, 0xc5, 0xc0, 0x1f, 0x03, 0xc5, 0x63, 0xc0, 0x5f, 0x03, 0x01, 0x00, 0xc0, 0x9f, 0x03, 0x20, 0xc5, 0xc0, 0xdf, 0x03, 0xc5, 0x63, 0xc0, 0x1f, 0x04, 0x01, 0x00, 0xc0, 0x5f, 0x04, 0x20, 0xc5, 0xc0, 0x9f, 0x04, 0xc5, 0x63, 0xc0, 0xdf, 0x04, 0x01, 0x00, 0xc0, 0x1f, 0x05, 0x20, 0xc5, 0xc0, 0x5f, 0x05, 0xc5, 0x63, 0xc0, 0x9f, 0x05, 0x01, 0x00, 0xc0, 0xdf, 0x05, 0x20, 0xc5, 0xc0, 0x9f, 0x07, 0xc5, 0x63, 0xc0, 0xdf, 0x07, 0x01, 0x00, 0xc0, 0x1f, 0x08, 0x20, 0xc5, 0xc0, 0x5f, 0x08, 0xc5, 0x63, 0xc0, 0x9f, 0x08, 0x01, 0x00, 0xc0, 0xdf, 0x08, 0x20, 0xc5, 0xc8, 0x9f, 0x11, 0x00, 0x00, 0x11, 0x00, 0xc8, 0xdf, 0x11, 0x00, 0x00, 0x11, 0x00, 0xc0, 0x5f, 0x18, 0x0a, 0x0a, 0xc0, 0x9f, 0x18, 0x0a, 0x0a, 0xc0, 0xdf, 0x18, 0x0a, 0x0a, 0xc0, 0x1f, 0x19, 0x0a, 0x0a, 0xc0, 0x5f, 0x19, 0x0a, 0x0a, 0xc0, 0x9f, 0x19, 0x0a, 0x0a, 0xc0, 0x1f, 0x18, 0xff, 0x0f, 0x70, 0x7a,
	//digital csi setting: mipi0 dphy 4lanes
	0x52, 0xcc, 0x1e, 0x08, 0x40, 0x04, 0x00, 0x00, 0x01, 0x00, 0x0d, 0x00, 0x00, 0x00, 0x00, 0x08, 0x40, 0x04, 0xff, 0xff, 0x01, 0x00, 0x88, 0xde, 0x3f, 0x00, 0x00, 0x01, 0x00, 0x88, 0x1e, 0x04, 0xc0, 0xd4, 0xff, 0xff, 0x88, 0x5e, 0x04, 0x01, 0x00, 0xff, 0xff, 0x88, 0x9e, 0x04, 0x0f, 0x00, 0xff, 0x00, 0x88, 0xde, 0x04, 0x32, 0x00, 0xff, 0x00, 0x88, 0xde, 0x04, 0x00, 0x28, 0x00, 0xff, 0x88, 0x1e, 0x05, 0x10, 0x00, 0xff, 0x00, 0x88, 0x5e, 0x05, 0x05, 0x00, 0xff, 0x00, 0x88, 0x5e, 0x05, 0x00, 0x1f, 0x00, 0xff, 0x88, 0x9e, 0x05, 0x06, 0x00, 0xff, 0x00, 0x88, 0x9e, 0x05, 0x00, 0x02, 0x00, 0xff, 0x88, 0xde, 0x05, 0x01, 0x00, 0xff, 0x00, 0x88, 0xde, 0x05, 0x00, 0x06, 0x00, 0xff, 0x88, 0x1e, 0x06, 0xff, 0x00, 0xff, 0x00, 0x88, 0x1e, 0x06, 0x00, 0xff, 0x00, 0xff, 0x88, 0x5e, 0x06, 0x05, 0x00, 0xff, 0x00, 0x88, 0x5e, 0x06, 0x00, 0x03, 0x00, 0xff, 0x88, 0x9e, 0x06, 0x05, 0x00, 0xff, 0x00, 0x88, 0xde, 0x06, 0x78, 0x09, 0xff, 0xff, 0x88, 0x1e, 0x07, 0x00, 0x00, 0xff, 0xff, 0x88, 0xde, 0x07, 0xe0, 0x32, 0xff, 0xff, 0x88, 0x1e, 0x08, 0x29, 0x00, 0xff, 0xff, 0x88, 0x5e, 0x08, 0x00, 0x00, 0x10, 0x00, 0x88, 0x5e, 0x08, 0x00, 0x00, 0x80, 0x00, 0x88, 0x5e, 0x00, 0x03, 0x00, 0xff, 0x00, 0x88, 0x5e, 0x00, 0x00, 0x00, 0x00, 0x01, 0x88, 0x5e, 0x00, 0x00, 0x00, 0x00, 0x1e, 0x88, 0xde, 0x0d, 0xff, 0xff, 0x04, 0x00, 0x88, 0x5e, 0x0c, 0x1f, 0x00, 0xff, 0x00, 0x88, 0x5e, 0x0e, 0xf8, 0x00, 0xff, 0x00, 0x88, 0x5e, 0x0e, 0x00, 0x81, 0x00, 0xff, 0x88, 0x5e, 0x0c, 0x00, 0x1f, 0x00, 0xff, 0x88, 0x9e, 0x0e, 0xf8, 0x00, 0xff, 0x00, 0x88, 0x9e, 0x0e, 0x00, 0x81, 0x00, 0xff, 0x88, 0x9e, 0x0c, 0x1f, 0x00, 0xff, 0x00, 0x88, 0xde, 0x0e, 0xf8, 0x00, 0xff, 0x00, 0x88, 0xde, 0x0e, 0x00, 0x81, 0x00, 0xff, 0x88, 0x9e, 0x0c, 0x00, 0x1f, 0x00, 0xff, 0x88, 0x1e, 0x0f, 0xf8, 0x00, 0xff, 0x00, 0x88, 0x1e, 0x0f, 0x00, 0x81, 0x00, 0xff, 0x88, 0x1e, 0x0c, 0x00, 0x00, 0x0f, 0x00, 0x88, 0x1e, 0x00, 0x00, 0xf0, 0x00, 0xf0, 0x80, 0x5e, 0x05, 0x07, 0x19, 0x80, 0x9e, 0x05, 0x08, 0x0f, 0x08, 0xc0, 0x04, 0x00, 0x00, 0x00, 0x02, 0x0d, 0x0a, 0x00, 0x00, 0x00, 0x08, 0xc0, 0x04, 0x00, 0x00, 0x00, 0x02, 0x0d, 0x0a, 0x00, 0x00, 0x00, 0x08, 0xc0, 0x04, 0x00, 0x00, 0x00, 0x02, 0x0d, 0x00, 0x00, 0x00, 0x00, 0x08, 0xc0, 0x04, 0xff, 0xff, 0x00, 0x02, 0x0d, 0x0a, 0x00, 0x00, 0x00, 0x08, 0xc0, 0x04, 0xff, 0xff, 0x00, 0x02, 0x0d, 0x0a, 0x00, 0x00, 0x00, 0x08, 0xc0, 0x04, 0xff, 0xff, 0x00, 0x02, 0x08, 0xde, 0x3f, 0x00, 0x00, 0x07, 0x00, 0x08, 0x5e, 0x00, 0xff, 0xff, 0x04, 0x00, 0x08, 0x5e, 0x00, 0x00, 0x00, 0x08, 0x00, 0x08, 0x5e, 0x00, 0x00, 0x00, 0x20, 0x00, 0x08, 0x5e, 0x00, 0x03, 0x00, 0x03, 0x00, 0x08, 0x1e, 0x00, 0xff, 0xff, 0x04, 0x00, 0x08, 0x9e, 0x00, 0x00, 0x00, 0x00, 0x04, 0x08, 0x9e, 0x00, 0x00, 0x00, 0x00, 0x10, 0x00, 0x9e, 0x01, 0x00, 0x20, 0x00, 0xde, 0x01, 0x00, 0x00, 0x08, 0x9e, 0x00, 0x00, 0x00, 0x01, 0x00, 0x08, 0x9e, 0x00, 0x00, 0x00, 0x02, 0x00, 0x00, 0xde, 0x00, 0x00, 0x00, 0x00, 0x1e, 0x01, 0x00, 0x00, 0x00, 0x5e, 0x01, 0x00, 0x00, 0x08, 0x5e, 0x00, 0x00, 0x00, 0x10, 0x00, 0x4e, 0x46,
	//digital video setting: tx0 fcfs vc0 + tx1 fcfs vc1 + tx2 fcfs vc2 + tx3 fcfs vc3
	0x52, 0x5c, 0x3f, 0x08, 0xc0, 0x04, 0x00, 0x00, 0x00, 0x01, 0x0d, 0x0a, 0x00, 0x00, 0x00, 0x08, 0xc0, 0x04, 0x00, 0x00, 0x00, 0x01, 0x0d, 0x0a, 0x00, 0x00, 0x00, 0x08, 0xc0, 0x04, 0x00, 0x00, 0x00, 0x01, 0x0d, 0x00, 0x00, 0x00, 0x00, 0x08, 0xc0, 0x04, 0xff, 0xff, 0x00, 0x01, 0x0d, 0x0a, 0x00, 0x00, 0x00, 0x08, 0xc0, 0x04, 0xff, 0xff, 0x00, 0x01, 0x0d, 0x0a, 0x00, 0x00, 0x00, 0x08, 0xc0, 0x04, 0xff, 0xff, 0x00, 0x01, 0x48, 0xdd, 0x3f, 0x00, 0x00, 0x07, 0x00, 0x48, 0xdd, 0x0e, 0x00, 0x00, 0xff, 0x03, 0x48, 0xdd, 0x02, 0x00, 0x00, 0x03, 0x00, 0x48, 0xdd, 0x02, 0x00, 0x00, 0x0c, 0x00, 0x48, 0xdd, 0x02, 0x00, 0x00, 0x30, 0x00, 0x48, 0xdd, 0x02, 0x00, 0x00, 0xc0, 0x00, 0x48, 0xdd, 0x02, 0x00, 0x00, 0x00, 0x03, 0x48, 0xdd, 0x02, 0x00, 0x00, 0x00, 0x0c, 0x48, 0xdd, 0x02, 0x00, 0x00, 0x00, 0x30, 0x48, 0xdd, 0x02, 0x00, 0x00, 0x00, 0xc0, 0x48, 0xdd, 0x02, 0x00, 0x00, 0xff, 0xff, 0x48, 0xdd, 0x0e, 0xf0, 0x00, 0xff, 0x00, 0x08, 0xc0, 0x04, 0x00, 0x00, 0x80, 0x00, 0x0d, 0x0a, 0x00, 0x00, 0x00, 0x08, 0xc0, 0x04, 0x00, 0x00, 0x80, 0x00, 0x0d, 0x0a, 0x00, 0x00, 0x00, 0x08, 0xc0, 0x04, 0x00, 0x00, 0x80, 0x00, 0x0d, 0x00, 0x00, 0x00, 0x00, 0x08, 0xc0, 0x04, 0xff, 0xff, 0x80, 0x00, 0x0d, 0x0a, 0x00, 0x00, 0x00, 0x08, 0xc0, 0x04, 0xff, 0xff, 0x80, 0x00, 0x0d, 0x0a, 0x00, 0x00, 0x00, 0x08, 0xc0, 0x04, 0xff, 0xff, 0x80, 0x00, 0x08, 0xdd, 0x3f, 0x00, 0x00, 0x07, 0x00, 0x08, 0x1d, 0x0c, 0x00, 0x00, 0x01, 0x00, 0x08, 0x1d, 0x00, 0xff, 0xff, 0x01, 0x00, 0x08, 0x9d, 0x00, 0x00, 0x00, 0x40, 0x00, 0x08, 0xdd, 0x00, 0x00, 0x00, 0x40, 0x00, 0x08, 0x1d, 0x01, 0x00, 0x00, 0x40, 0x00, 0x08, 0x5d, 0x01, 0x00, 0x00, 0x40, 0x00, 0x08, 0x9d, 0x01, 0x00, 0x00, 0x40, 0x00, 0x08, 0xdd, 0x01, 0x00, 0x00, 0x40, 0x00, 0x08, 0x1d, 0x02, 0x00, 0x00, 0x40, 0x00, 0x08, 0x5d, 0x02, 0x00, 0x00, 0x40, 0x00, 0x08, 0x9d, 0x02, 0x00, 0x00, 0x40, 0x00, 0x08, 0xdd, 0x02, 0x00, 0x00, 0x40, 0x00, 0x08, 0x1d, 0x03, 0x00, 0x00, 0x40, 0x00, 0x08, 0x5d, 0x03, 0x00, 0x00, 0x40, 0x00, 0x08, 0xdd, 0x03, 0x00, 0x00, 0x40, 0x00, 0x08, 0x1d, 0x04, 0x00, 0x00, 0x40, 0x00, 0x08, 0x5d, 0x04, 0x00, 0x00, 0x40, 0x00, 0x08, 0x9d, 0x04, 0x00, 0x00, 0x40, 0x00, 0x08, 0xdd, 0x04, 0x00, 0x00, 0x40, 0x00, 0x08, 0x1d, 0x05, 0x0b, 0x00, 0x3f, 0x00, 0x08, 0x1d, 0x05, 0x00, 0x00, 0x40, 0x00, 0x08, 0x1d, 0x05, 0x00, 0x0c, 0x00, 0x3f, 0x08, 0x1d, 0x05, 0x00, 0x00, 0x00, 0x40, 0x08, 0x5d, 0x05, 0x0d, 0x00, 0x3f, 0x00, 0x08, 0x5d, 0x05, 0x00, 0x00, 0x40, 0x00, 0x08, 0x5d, 0x05, 0x00, 0x0e, 0x00, 0x3f, 0x08, 0x5d, 0x05, 0x00, 0x00, 0x00, 0x40, 0x08, 0x9d, 0x05, 0x0a, 0x00, 0x3f, 0x00, 0x08, 0x9d, 0x05, 0x00, 0x00, 0x40, 0x00, 0x08, 0x9d, 0x05, 0x00, 0x0a, 0x00, 0x3f, 0x08, 0x9d, 0x05, 0x00, 0x00, 0x00, 0x40, 0x08, 0xdd, 0x05, 0x0a, 0x00, 0x3f, 0x00, 0x08, 0xdd, 0x05, 0x00, 0x00, 0x40, 0x00, 0x08, 0xdd, 0x05, 0x00, 0x0a, 0x00, 0x3f, 0x08, 0xdd, 0x05, 0x00, 0x00, 0x00, 0x40, 0x08, 0x1d, 0x1c, 0x01, 0x00, 0xff, 0x00, 0x08, 0x1d, 0x1c, 0x00, 0x01, 0x00, 0xff, 0x08, 0x5d, 0x1c, 0x01, 0x00, 0xff, 0x00, 0x08, 0x5d, 0x1c, 0x00, 0x01, 0x00, 0xff, 0x08, 0x9d, 0x1c, 0x01, 0x00, 0xff, 0x00, 0x08, 0x9d, 0x1c, 0x00, 0x01, 0x00, 0xff, 0x08, 0xdd, 0x1c, 0x01, 0x00, 0xff, 0x00, 0x08, 0xdd, 0x1c, 0x00, 0x01, 0x00, 0xff, 0x08, 0x1d, 0x00, 0x00, 0x00, 0x02, 0x00, 0x08, 0x1d, 0x00, 0x00, 0x00, 0x20, 0x00, 0x08, 0x1d, 0x14, 0x00, 0x00, 0x1f, 0x00, 0x08, 0x1d, 0x14, 0x00, 0x00, 0x00, 0x1f, 0x08, 0x5d, 0x14, 0x01, 0x00, 0x1f, 0x00, 0x08, 0x5d, 0x14, 0x00, 0x01, 0x00, 0x1f, 0x08, 0x9d, 0x14, 0x02, 0x00, 0x1f, 0x00, 0x08, 0x9d, 0x14, 0x00, 0x02, 0x00, 0x1f, 0x08, 0xdd, 0x14, 0x03, 0x00, 0x1f, 0x00, 0x08, 0xdd, 0x14, 0x00, 0x03, 0x00, 0x1f, 0x08, 0x1d, 0x14, 0x00, 0x00, 0x00, 0x20, 0x08, 0x5d, 0x14, 0x00, 0x00, 0x00, 0x20, 0x08, 0x9d, 0x14, 0x00, 0x00, 0x00, 0x20, 0x08, 0xdd, 0x14, 0x00, 0x00, 0x00, 0x20, 0x08, 0x1d, 0x15, 0x00, 0x00, 0x00, 0x20, 0x08, 0x5d, 0x15, 0x00, 0x00, 0x00, 0x20, 0x08, 0x9d, 0x15, 0x00, 0x00, 0x00, 0x20, 0x08, 0xdd, 0x15, 0x00, 0x00, 0x00, 0x20, 0x08, 0x1d, 0x16, 0x00, 0x00, 0x00, 0x20, 0x08, 0x5d, 0x16, 0x00, 0x00, 0x00, 0x20, 0x08, 0x9d, 0x16, 0x00, 0x00, 0x00, 0x20, 0x08, 0xdd, 0x16, 0x00, 0x00, 0x00, 0x20, 0x08, 0x9d, 0x28, 0xff, 0xff, 0x01, 0x00, 0x08, 0x9d, 0x28, 0xff, 0xff, 0x02, 0x00, 0x08, 0x9d, 0x28, 0xff, 0xff, 0x04, 0x00, 0x08, 0x9d, 0x28, 0xff, 0xff, 0x08, 0x00, 0x08, 0x1d, 0x3e, 0xff, 0xff, 0x01, 0x00, 0x08, 0x1d, 0x2d, 0x00, 0x00, 0x3f, 0x00, 0x08, 0x1d, 0x2d, 0xff, 0xff, 0x40, 0x00, 0x08, 0x1d, 0x2d, 0x00, 0x00, 0x00, 0x1f, 0x08, 0x1d, 0x2d, 0xff, 0xff, 0x00, 0x20, 0x08, 0x1d, 0x1c, 0x10, 0x10, 0xff, 0xff, 0x08, 0x5d, 0x1c, 0x10, 0x10, 0xff, 0xff, 0x08, 0x1d, 0x00, 0xff, 0xff, 0xc0, 0x30, 0x08, 0x80, 0x05, 0x00, 0x00, 0x80, 0x00, 0x0d, 0x0a, 0x00, 0x00, 0x00, 0x08, 0x80, 0x05, 0x00, 0x00, 0x80, 0x00, 0x0d, 0x0a, 0x00, 0x00, 0x00, 0x08, 0x80, 0x05, 0x00, 0x00, 0x80, 0x00, 0x0d, 0x00, 0x00, 0x00, 0x00, 0x08, 0x80, 0x05, 0xff, 0xff, 0x80, 0x00, 0x0d, 0x0a, 0x00, 0x00, 0x00, 0x08, 0x80, 0x05, 0xff, 0xff, 0x80, 0x00, 0x0d, 0x0a, 0x00, 0x00, 0x00, 0x08, 0x80, 0x05, 0xff, 0xff, 0x80, 0x00, 0x08, 0xd5, 0x3f, 0x00, 0x00, 0x07, 0x00, 0x08, 0x15, 0x0c, 0x00, 0x00, 0x01, 0x00, 0x08, 0x15, 0x00, 0xff, 0xff, 0x01, 0x00, 0x08, 0x95, 0x00, 0x00, 0x00, 0x40, 0x00, 0x08, 0xd5, 0x00, 0x00, 0x00, 0x40, 0x00, 0x08, 0x15, 0x01, 0x00, 0x00, 0x40, 0x00, 0x08, 0x55, 0x01, 0x00, 0x00, 0x40, 0x00, 0x08, 0x95, 0x01, 0x00, 0x00, 0x40, 0x00, 0x08, 0xd5, 0x01, 0x00, 0x00, 0x40, 0x00, 0x08, 0x15, 0x02, 0x00, 0x00, 0x40, 0x00, 0x08, 0x55, 0x02, 0x00, 0x00, 0x40, 0x00, 0x08, 0x95, 0x02, 0x00, 0x00, 0x40, 0x00, 0x08, 0xd5, 0x02, 0x00, 0x00, 0x40, 0x00, 0x08, 0x15, 0x03, 0x00, 0x00, 0x40, 0x00, 0x08, 0x55, 0x03, 0x00, 0x00, 0x40, 0x00, 0x08, 0xd5, 0x03, 0x00, 0x00, 0x40, 0x00, 0x08, 0x15, 0x04, 0x00, 0x00, 0x40, 0x00, 0x08, 0x55, 0x04, 0x00, 0x00, 0x40, 0x00, 0x08, 0x95, 0x04, 0x00, 0x00, 0x40, 0x00, 0x08, 0xd5, 0x04, 0x00, 0x00, 0x40, 0x00, 0x08, 0x15, 0x05, 0x0b, 0x00, 0x3f, 0x00, 0x08, 0x15, 0x05, 0x00, 0x00, 0x40, 0x00, 0x08, 0x15, 0x05, 0x00, 0x0c, 0x00, 0x3f, 0x08, 0x15, 0x05, 0x00, 0x00, 0x00, 0x40, 0x08, 0x55, 0x05, 0x0d, 0x00, 0x3f, 0x00, 0x08, 0x55, 0x05, 0x00, 0x00, 0x40, 0x00, 0xce, 0x50,
	0x52, 0xfc, 0x3d, 0x08, 0x55, 0x05, 0x00, 0x0e, 0x00, 0x3f, 0x08, 0x55, 0x05, 0x00, 0x00, 0x00, 0x40, 0x08, 0x95, 0x05, 0x0a, 0x00, 0x3f, 0x00, 0x08, 0x95, 0x05, 0x00, 0x00, 0x40, 0x00, 0x08, 0x95, 0x05, 0x00, 0x0a, 0x00, 0x3f, 0x08, 0x95, 0x05, 0x00, 0x00, 0x00, 0x40, 0x08, 0xd5, 0x05, 0x0a, 0x00, 0x3f, 0x00, 0x08, 0xd5, 0x05, 0x00, 0x00, 0x40, 0x00, 0x08, 0xd5, 0x05, 0x00, 0x0a, 0x00, 0x3f, 0x08, 0xd5, 0x05, 0x00, 0x00, 0x00, 0x40, 0x08, 0x15, 0x1c, 0x02, 0x00, 0xff, 0x00, 0x08, 0x15, 0x1c, 0x00, 0x02, 0x00, 0xff, 0x08, 0x55, 0x1c, 0x02, 0x00, 0xff, 0x00, 0x08, 0x55, 0x1c, 0x00, 0x02, 0x00, 0xff, 0x08, 0x95, 0x1c, 0x01, 0x00, 0xff, 0x00, 0x08, 0x95, 0x1c, 0x00, 0x01, 0x00, 0xff, 0x08, 0xd5, 0x1c, 0x01, 0x00, 0xff, 0x00, 0x08, 0xd5, 0x1c, 0x00, 0x01, 0x00, 0xff, 0x08, 0x15, 0x00, 0x00, 0x00, 0x02, 0x00, 0x08, 0x15, 0x00, 0x00, 0x00, 0x20, 0x00, 0x08, 0x15, 0x14, 0x00, 0x00, 0x1f, 0x00, 0x08, 0x15, 0x14, 0x00, 0x00, 0x00, 0x1f, 0x08, 0x55, 0x14, 0x01, 0x00, 0x1f, 0x00, 0x08, 0x55, 0x14, 0x00, 0x01, 0x00, 0x1f, 0x08, 0x95, 0x14, 0x02, 0x00, 0x1f, 0x00, 0x08, 0x95, 0x14, 0x00, 0x02, 0x00, 0x1f, 0x08, 0xd5, 0x14, 0x03, 0x00, 0x1f, 0x00, 0x08, 0xd5, 0x14, 0x00, 0x03, 0x00, 0x1f, 0x08, 0x15, 0x14, 0x00, 0x00, 0x00, 0x20, 0x08, 0x55, 0x14, 0x00, 0x00, 0x00, 0x20, 0x08, 0x95, 0x14, 0x00, 0x00, 0x00, 0x20, 0x08, 0xd5, 0x14, 0x00, 0x00, 0x00, 0x20, 0x08, 0x15, 0x15, 0x00, 0x00, 0x00, 0x20, 0x08, 0x55, 0x15, 0x00, 0x00, 0x00, 0x20, 0x08, 0x95, 0x15, 0x00, 0x00, 0x00, 0x20, 0x08, 0xd5, 0x15, 0x00, 0x00, 0x00, 0x20, 0x08, 0x15, 0x16, 0x00, 0x00, 0x00, 0x20, 0x08, 0x55, 0x16, 0x00, 0x00, 0x00, 0x20, 0x08, 0x95, 0x16, 0x00, 0x00, 0x00, 0x20, 0x08, 0xd5, 0x16, 0x00, 0x00, 0x00, 0x20, 0x08, 0x95, 0x28, 0xff, 0xff, 0x01, 0x00, 0x08, 0x95, 0x28, 0xff, 0xff, 0x02, 0x00, 0x08, 0x95, 0x28, 0xff, 0xff, 0x04, 0x00, 0x08, 0x95, 0x28, 0xff, 0xff, 0x08, 0x00, 0x08, 0x15, 0x3e, 0xff, 0xff, 0x01, 0x00, 0x08, 0x15, 0x2d, 0x00, 0x00, 0x3f, 0x00, 0x08, 0x15, 0x2d, 0xff, 0xff, 0x40, 0x00, 0x08, 0x15, 0x2d, 0x00, 0x00, 0x00, 0x1f, 0x08, 0x15, 0x2d, 0xff, 0xff, 0x00, 0x20, 0x08, 0x15, 0x1c, 0x20, 0x20, 0xff, 0xff, 0x08, 0x55, 0x1c, 0x20, 0x20, 0xff, 0xff, 0x08, 0x15, 0x14, 0x00, 0x01, 0x00, 0x1f, 0x08, 0x15, 0x00, 0xff, 0xff, 0xc0, 0x30, 0x08, 0x00, 0x06, 0x00, 0x00, 0x80, 0x00, 0x0d, 0x0a, 0x00, 0x00, 0x00, 0x08, 0x00, 0x06, 0x00, 0x00, 0x80, 0x00, 0x0d, 0x0a, 0x00, 0x00, 0x00, 0x08, 0x00, 0x06, 0x00, 0x00, 0x80, 0x00, 0x0d, 0x00, 0x00, 0x00, 0x00, 0x08, 0x00, 0x06, 0xff, 0xff, 0x80, 0x00, 0x0d, 0x0a, 0x00, 0x00, 0x00, 0x08, 0x00, 0x06, 0xff, 0xff, 0x80, 0x00, 0x0d, 0x0a, 0x00, 0x00, 0x00, 0x08, 0x00, 0x06, 0xff, 0xff, 0x80, 0x00, 0x08, 0xcd, 0x3f, 0x00, 0x00, 0x07, 0x00, 0x08, 0x0d, 0x0c, 0x00, 0x00, 0x01, 0x00, 0x08, 0x0d, 0x00, 0xff, 0xff, 0x01, 0x00, 0x08, 0x8d, 0x00, 0x00, 0x00, 0x40, 0x00, 0x08, 0xcd, 0x00, 0x00, 0x00, 0x40, 0x00, 0x08, 0x0d, 0x01, 0x00, 0x00, 0x40, 0x00, 0x08, 0x4d, 0x01, 0x00, 0x00, 0x40, 0x00, 0x08, 0x8d, 0x01, 0x00, 0x00, 0x40, 0x00, 0x08, 0xcd, 0x01, 0x00, 0x00, 0x40, 0x00, 0x08, 0x0d, 0x02, 0x00, 0x00, 0x40, 0x00, 0x08, 0x4d, 0x02, 0x00, 0x00, 0x40, 0x00, 0x08, 0x8d, 0x02, 0x00, 0x00, 0x40, 0x00, 0x08, 0xcd, 0x02, 0x00, 0x00, 0x40, 0x00, 0x08, 0x0d, 0x03, 0x00, 0x00, 0x40, 0x00, 0x08, 0x4d, 0x03, 0x00, 0x00, 0x40, 0x00, 0x08, 0xcd, 0x03, 0x00, 0x00, 0x40, 0x00, 0x08, 0x0d, 0x04, 0x00, 0x00, 0x40, 0x00, 0x08, 0x4d, 0x04, 0x00, 0x00, 0x40, 0x00, 0x08, 0x8d, 0x04, 0x00, 0x00, 0x40, 0x00, 0x08, 0xcd, 0x04, 0x00, 0x00, 0x40, 0x00, 0x08, 0x0d, 0x05, 0x0b, 0x00, 0x3f, 0x00, 0x08, 0x0d, 0x05, 0x00, 0x00, 0x40, 0x00, 0x08, 0x0d, 0x05, 0x00, 0x0c, 0x00, 0x3f, 0x08, 0x0d, 0x05, 0x00, 0x00, 0x00, 0x40, 0x08, 0x4d, 0x05, 0x0d, 0x00, 0x3f, 0x00, 0x08, 0x4d, 0x05, 0x00, 0x00, 0x40, 0x00, 0x08, 0x4d, 0x05, 0x00, 0x0e, 0x00, 0x3f, 0x08, 0x4d, 0x05, 0x00, 0x00, 0x00, 0x40, 0x08, 0x8d, 0x05, 0x0a, 0x00, 0x3f, 0x00, 0x08, 0x8d, 0x05, 0x00, 0x00, 0x40, 0x00, 0x08, 0x8d, 0x05, 0x00, 0x0a, 0x00, 0x3f, 0x08, 0x8d, 0x05, 0x00, 0x00, 0x00, 0x40, 0x08, 0xcd, 0x05, 0x0a, 0x00, 0x3f, 0x00, 0x08, 0xcd, 0x05, 0x00, 0x00, 0x40, 0x00, 0x08, 0xcd, 0x05, 0x00, 0x0a, 0x00, 0x3f, 0x08, 0xcd, 0x05, 0x00, 0x00, 0x00, 0x40, 0x08, 0x0d, 0x1c, 0x04, 0x00, 0xff, 0x00, 0x08, 0x0d, 0x1c, 0x00, 0x04, 0x00, 0xff, 0x08, 0x4d, 0x1c, 0x04, 0x00, 0xff, 0x00, 0x08, 0x4d, 0x1c, 0x00, 0x04, 0x00, 0xff, 0x08, 0x8d, 0x1c, 0x01, 0x00, 0xff, 0x00, 0x08, 0x8d, 0x1c, 0x00, 0x01, 0x00, 0xff, 0x08, 0xcd, 0x1c, 0x01, 0x00, 0xff, 0x00, 0x08, 0xcd, 0x1c, 0x00, 0x01, 0x00, 0xff, 0x08, 0x0d, 0x00, 0x00, 0x00, 0x02, 0x00, 0x08, 0x0d, 0x00, 0x00, 0x00, 0x20, 0x00, 0x08, 0x0d, 0x14, 0x00, 0x00, 0x1f, 0x00, 0x08, 0x0d, 0x14, 0x00, 0x00, 0x00, 0x1f, 0x08, 0x4d, 0x14, 0x01, 0x00, 0x1f, 0x00, 0x08, 0x4d, 0x14, 0x00, 0x01, 0x00, 0x1f, 0x08, 0x8d, 0x14, 0x02, 0x00, 0x1f, 0x00, 0x08, 0x8d, 0x14, 0x00, 0x02, 0x00, 0x1f, 0x08, 0xcd, 0x14, 0x03, 0x00, 0x1f, 0x00, 0x08, 0xcd, 0x14, 0x00, 0x03, 0x00, 0x1f, 0x08, 0x0d, 0x14, 0x00, 0x00, 0x00, 0x20, 0x08, 0x4d, 0x14, 0x00, 0x00, 0x00, 0x20, 0x08, 0x8d, 0x14, 0x00, 0x00, 0x00, 0x20, 0x08, 0xcd, 0x14, 0x00, 0x00, 0x00, 0x20, 0x08, 0x0d, 0x15, 0x00, 0x00, 0x00, 0x20, 0x08, 0x4d, 0x15, 0x00, 0x00, 0x00, 0x20, 0x08, 0x8d, 0x15, 0x00, 0x00, 0x00, 0x20, 0x08, 0xcd, 0x15, 0x00, 0x00, 0x00, 0x20, 0x08, 0x0d, 0x16, 0x00, 0x00, 0x00, 0x20, 0x08, 0x4d, 0x16, 0x00, 0x00, 0x00, 0x20, 0x08, 0x8d, 0x16, 0x00, 0x00, 0x00, 0x20, 0x08, 0xcd, 0x16, 0x00, 0x00, 0x00, 0x20, 0x08, 0x8d, 0x28, 0xff, 0xff, 0x01, 0x00, 0x08, 0x8d, 0x28, 0xff, 0xff, 0x02, 0x00, 0x08, 0x8d, 0x28, 0xff, 0xff, 0x04, 0x00, 0x08, 0x8d, 0x28, 0xff, 0xff, 0x08, 0x00, 0x08, 0x0d, 0x3e, 0xff, 0xff, 0x01, 0x00, 0x08, 0x0d, 0x2d, 0x00, 0x00, 0x3f, 0x00, 0x08, 0x0d, 0x2d, 0xff, 0xff, 0x40, 0x00, 0x08, 0x0d, 0x2d, 0x00, 0x00, 0x00, 0x1f, 0x08, 0x0d, 0x2d, 0xff, 0xff, 0x00, 0x20, 0x08, 0x0d, 0x1c, 0x40, 0x40, 0xff, 0xff, 0x08, 0x4d, 0x1c, 0x40, 0x40, 0xff, 0xff, 0x08, 0x0d, 0x14, 0x00, 0x02, 0x00, 0x1f, 0x08, 0x0d, 0x00, 0xff, 0xff, 0xc0, 0x30, 0x54, 0xc9,
	0x52, 0xcc, 0x26, 0x08, 0xc0, 0x06, 0x00, 0x00, 0x80, 0x00, 0x0d, 0x0a, 0x00, 0x00, 0x00, 0x08, 0xc0, 0x06, 0x00, 0x00, 0x80, 0x00, 0x0d, 0x0a, 0x00, 0x00, 0x00, 0x08, 0xc0, 0x06, 0x00, 0x00, 0x80, 0x00, 0x0d, 0x00, 0x00, 0x00, 0x00, 0x08, 0xc0, 0x06, 0xff, 0xff, 0x80, 0x00, 0x0d, 0x0a, 0x00, 0x00, 0x00, 0x08, 0xc0, 0x06, 0xff, 0xff, 0x80, 0x00, 0x0d, 0x0a, 0x00, 0x00, 0x00, 0x08, 0xc0, 0x06, 0xff, 0xff, 0x80, 0x00, 0x08, 0xc5, 0x3f, 0x00, 0x00, 0x07, 0x00, 0x08, 0x05, 0x0c, 0x00, 0x00, 0x01, 0x00, 0x08, 0x05, 0x00, 0xff, 0xff, 0x01, 0x00, 0x08, 0x85, 0x00, 0x00, 0x00, 0x40, 0x00, 0x08, 0xc5, 0x00, 0x00, 0x00, 0x40, 0x00, 0x08, 0x05, 0x01, 0x00, 0x00, 0x40, 0x00, 0x08, 0x45, 0x01, 0x00, 0x00, 0x40, 0x00, 0x08, 0x85, 0x01, 0x00, 0x00, 0x40, 0x00, 0x08, 0xc5, 0x01, 0x00, 0x00, 0x40, 0x00, 0x08, 0x05, 0x02, 0x00, 0x00, 0x40, 0x00, 0x08, 0x45, 0x02, 0x00, 0x00, 0x40, 0x00, 0x08, 0x85, 0x02, 0x00, 0x00, 0x40, 0x00, 0x08, 0xc5, 0x02, 0x00, 0x00, 0x40, 0x00, 0x08, 0x05, 0x03, 0x00, 0x00, 0x40, 0x00, 0x08, 0x45, 0x03, 0x00, 0x00, 0x40, 0x00, 0x08, 0xc5, 0x03, 0x00, 0x00, 0x40, 0x00, 0x08, 0x05, 0x04, 0x00, 0x00, 0x40, 0x00, 0x08, 0x45, 0x04, 0x00, 0x00, 0x40, 0x00, 0x08, 0x85, 0x04, 0x00, 0x00, 0x40, 0x00, 0x08, 0xc5, 0x04, 0x00, 0x00, 0x40, 0x00, 0x08, 0x05, 0x05, 0x0b, 0x00, 0x3f, 0x00, 0x08, 0x05, 0x05, 0x00, 0x00, 0x40, 0x00, 0x08, 0x05, 0x05, 0x00, 0x0c, 0x00, 0x3f, 0x08, 0x05, 0x05, 0x00, 0x00, 0x00, 0x40, 0x08, 0x45, 0x05, 0x0d, 0x00, 0x3f, 0x00, 0x08, 0x45, 0x05, 0x00, 0x00, 0x40, 0x00, 0x08, 0x45, 0x05, 0x00, 0x0e, 0x00, 0x3f, 0x08, 0x45, 0x05, 0x00, 0x00, 0x00, 0x40, 0x08, 0x85, 0x05, 0x0a, 0x00, 0x3f, 0x00, 0x08, 0x85, 0x05, 0x00, 0x00, 0x40, 0x00, 0x08, 0x85, 0x05, 0x00, 0x0a, 0x00, 0x3f, 0x08, 0x85, 0x05, 0x00, 0x00, 0x00, 0x40, 0x08, 0xc5, 0x05, 0x0a, 0x00, 0x3f, 0x00, 0x08, 0xc5, 0x05, 0x00, 0x00, 0x40, 0x00, 0x08, 0xc5, 0x05, 0x00, 0x0a, 0x00, 0x3f, 0x08, 0xc5, 0x05, 0x00, 0x00, 0x00, 0x40, 0x08, 0x05, 0x1c, 0x08, 0x00, 0xff, 0x00, 0x08, 0x05, 0x1c, 0x00, 0x08, 0x00, 0xff, 0x08, 0x45, 0x1c, 0x08, 0x00, 0xff, 0x00, 0x08, 0x45, 0x1c, 0x00, 0x08, 0x00, 0xff, 0x08, 0x85, 0x1c, 0x01, 0x00, 0xff, 0x00, 0x08, 0x85, 0x1c, 0x00, 0x01, 0x00, 0xff, 0x08, 0xc5, 0x1c, 0x01, 0x00, 0xff, 0x00, 0x08, 0xc5, 0x1c, 0x00, 0x01, 0x00, 0xff, 0x08, 0x05, 0x00, 0x00, 0x00, 0x02, 0x00, 0x08, 0x05, 0x00, 0x00, 0x00, 0x20, 0x00, 0x08, 0x05, 0x14, 0x00, 0x00, 0x1f, 0x00, 0x08, 0x05, 0x14, 0x00, 0x00, 0x00, 0x1f, 0x08, 0x45, 0x14, 0x01, 0x00, 0x1f, 0x00, 0x08, 0x45, 0x14, 0x00, 0x01, 0x00, 0x1f, 0x08, 0x85, 0x14, 0x02, 0x00, 0x1f, 0x00, 0x08, 0x85, 0x14, 0x00, 0x02, 0x00, 0x1f, 0x08, 0xc5, 0x14, 0x03, 0x00, 0x1f, 0x00, 0x08, 0xc5, 0x14, 0x00, 0x03, 0x00, 0x1f, 0x08, 0x05, 0x14, 0x00, 0x00, 0x00, 0x20, 0x08, 0x45, 0x14, 0x00, 0x00, 0x00, 0x20, 0x08, 0x85, 0x14, 0x00, 0x00, 0x00, 0x20, 0x08, 0xc5, 0x14, 0x00, 0x00, 0x00, 0x20, 0x08, 0x05, 0x15, 0x00, 0x00, 0x00, 0x20, 0x08, 0x45, 0x15, 0x00, 0x00, 0x00, 0x20, 0x08, 0x85, 0x15, 0x00, 0x00, 0x00, 0x20, 0x08, 0xc5, 0x15, 0x00, 0x00, 0x00, 0x20, 0x08, 0x05, 0x16, 0x00, 0x00, 0x00, 0x20, 0x08, 0x45, 0x16, 0x00, 0x00, 0x00, 0x20, 0x08, 0x85, 0x16, 0x00, 0x00, 0x00, 0x20, 0x08, 0xc5, 0x16, 0x00, 0x00, 0x00, 0x20, 0x08, 0x85, 0x28, 0xff, 0xff, 0x01, 0x00, 0x08, 0x85, 0x28, 0xff, 0xff, 0x02, 0x00, 0x08, 0x85, 0x28, 0xff, 0xff, 0x04, 0x00, 0x08, 0x85, 0x28, 0xff, 0xff, 0x08, 0x00, 0x08, 0x05, 0x3e, 0xff, 0xff, 0x01, 0x00, 0x08, 0x05, 0x2d, 0x00, 0x00, 0x3f, 0x00, 0x08, 0x05, 0x2d, 0xff, 0xff, 0x40, 0x00, 0x08, 0x05, 0x2d, 0x00, 0x00, 0x00, 0x1f, 0x08, 0x05, 0x2d, 0xff, 0xff, 0x00, 0x20, 0x08, 0x05, 0x1c, 0x80, 0x80, 0xff, 0xff, 0x08, 0x45, 0x1c, 0x80, 0x80, 0xff, 0xff, 0x08, 0x05, 0x14, 0x00, 0x03, 0x00, 0x1f, 0x08, 0x05, 0x00, 0xff, 0xff, 0xc0, 0x30, 0xf9, 0x75,
	//GPIO tx_err setting
	0x52, 0x2c, 0x14, 0x48, 0x51, 0x32, 0x01, 0x00, 0x1f, 0x00, 0x48, 0x51, 0x32, 0x40, 0x00, 0xe0, 0x03, 0x48, 0x91, 0x32, 0x03, 0x00, 0x1f, 0x00, 0x48, 0x91, 0x32, 0x80, 0x00, 0xe0, 0x03, 0x48, 0x91, 0x34, 0x78, 0x00, 0xfe, 0x07, 0x48, 0x91, 0x34, 0xff, 0xff, 0x00, 0x08, 0x48, 0xd1, 0x34, 0x08, 0x00, 0x0f, 0x00, 0x48, 0xd1, 0x34, 0x80, 0x00, 0xf0, 0x00, 0x48, 0xd1, 0x34, 0x00, 0x08, 0x00, 0x0f, 0x48, 0xd1, 0x34, 0x00, 0x80, 0x00, 0xf0, 0x48, 0x11, 0x35, 0x00, 0x18, 0x00, 0x7f, 0x48, 0x91, 0x34, 0xff, 0xff, 0x01, 0x00, 0x48, 0x51, 0x35, 0x78, 0x00, 0xfe, 0x07, 0x48, 0x51, 0x35, 0xff, 0xff, 0x00, 0x08, 0x48, 0x91, 0x35, 0x08, 0x00, 0x0f, 0x00, 0x48, 0x91, 0x35, 0x80, 0x00, 0xf0, 0x00, 0x48, 0x91, 0x35, 0x00, 0x08, 0x00, 0x0f, 0x48, 0x91, 0x35, 0x00, 0x80, 0x00, 0xf0, 0x48, 0xd1, 0x35, 0x00, 0x18, 0x00, 0x7f, 0x48, 0x51, 0x35, 0xff, 0xff, 0x01, 0x00, 0x48, 0x11, 0x36, 0x78, 0x00, 0xfe, 0x07, 0x48, 0x11, 0x36, 0xff, 0xff, 0x00, 0x08, 0x48, 0x51, 0x36, 0x08, 0x00, 0x0f, 0x00, 0x48, 0x51, 0x36, 0x80, 0x00, 0xf0, 0x00, 0x48, 0x51, 0x36, 0x00, 0x08, 0x00, 0x0f, 0x48, 0x51, 0x36, 0x00, 0x80, 0x00, 0xf0, 0x48, 0x91, 0x36, 0x00, 0x18, 0x00, 0x7f, 0x48, 0x11, 0x36, 0xff, 0xff, 0x01, 0x00, 0x48, 0xd1, 0x36, 0x78, 0x00, 0xfe, 0x07, 0x48, 0xd1, 0x36, 0xff, 0xff, 0x00, 0x08, 0x48, 0x11, 0x37, 0x08, 0x00, 0x0f, 0x00, 0x48, 0x11, 0x37, 0x80, 0x00, 0xf0, 0x00, 0x48, 0x11, 0x37, 0x00, 0x08, 0x00, 0x0f, 0x48, 0x11, 0x37, 0x00, 0x80, 0x00, 0xf0, 0x48, 0x51, 0x37, 0x00, 0x18, 0x00, 0x7f, 0x48, 0xd1, 0x36, 0xff, 0xff, 0x01, 0x00, 0x48, 0x11, 0x00, 0xff, 0xff, 0x00, 0x08, 0x48, 0x11, 0x00, 0xff, 0xff, 0x1f, 0x00, 0x48, 0x80, 0x1c, 0x00, 0x08, 0x00, 0xff, 0x48, 0xc0, 0x1a, 0xff, 0xff, 0x20, 0x00, 0x48, 0xc0, 0x1c, 0x0c, 0x00, 0xff, 0x00, 0x48, 0xc0, 0x1a, 0xff, 0xff, 0x40, 0x00, 0x48, 0xc0, 0x1c, 0x00, 0x10, 0x00, 0xff, 0x48, 0xc0, 0x1a, 0xff, 0xff, 0x80, 0x00, 0x48, 0x00, 0x1d, 0x14, 0x00, 0xff, 0x00, 0x48, 0xc0, 0x1a, 0xff, 0xff, 0x00, 0x01, 0xd6, 0xfb,
	//GPIO ErrB setting
	0x52, 0x6c, 0x20, 0x48, 0x51, 0x32, 0x01, 0x00, 0x1f, 0x00, 0x48, 0x51, 0x32, 0x40, 0x00, 0xe0, 0x03, 0x48, 0x91, 0x32, 0x03, 0x00, 0x1f, 0x00, 0x48, 0x91, 0x32, 0x80, 0x00, 0xe0, 0x03, 0x48, 0x91, 0x34, 0x78, 0x00, 0xfe, 0x07, 0x48, 0x91, 0x34, 0xff, 0xff, 0x00, 0x08, 0x48, 0xd1, 0x34, 0x08, 0x00, 0x0f, 0x00, 0x48, 0xd1, 0x34, 0x80, 0x00, 0xf0, 0x00, 0x48, 0xd1, 0x34, 0x00, 0x08, 0x00, 0x0f, 0x48, 0xd1, 0x34, 0x00, 0x80, 0x00, 0xf0, 0x48, 0x11, 0x35, 0x00, 0x18, 0x00, 0x7f, 0x48, 0x91, 0x34, 0xff, 0xff, 0x01, 0x00, 0x48, 0x51, 0x35, 0x78, 0x00, 0xfe, 0x07, 0x48, 0x51, 0x35, 0xff, 0xff, 0x00, 0x08, 0x48, 0x91, 0x35, 0x08, 0x00, 0x0f, 0x00, 0x48, 0x91, 0x35, 0x80, 0x00, 0xf0, 0x00, 0x48, 0x91, 0x35, 0x00, 0x08, 0x00, 0x0f, 0x48, 0x91, 0x35, 0x00, 0x80, 0x00, 0xf0, 0x48, 0xd1, 0x35, 0x00, 0x18, 0x00, 0x7f, 0x48, 0x51, 0x35, 0xff, 0xff, 0x01, 0x00, 0x48, 0x11, 0x36, 0x78, 0x00, 0xfe, 0x07, 0x48, 0x11, 0x36, 0xff, 0xff, 0x00, 0x08, 0x48, 0x51, 0x36, 0x08, 0x00, 0x0f, 0x00, 0x48, 0x51, 0x36, 0x80, 0x00, 0xf0, 0x00, 0x48, 0x51, 0x36, 0x00, 0x08, 0x00, 0x0f, 0x48, 0x51, 0x36, 0x00, 0x80, 0x00, 0xf0, 0x48, 0x91, 0x36, 0x00, 0x18, 0x00, 0x7f, 0x48, 0x11, 0x36, 0xff, 0xff, 0x01, 0x00, 0x48, 0xd1, 0x36, 0x78, 0x00, 0xfe, 0x07, 0x48, 0xd1, 0x36, 0xff, 0xff, 0x00, 0x08, 0x48, 0x11, 0x37, 0x08, 0x00, 0x0f, 0x00, 0x48, 0x11, 0x37, 0x80, 0x00, 0xf0, 0x00, 0x48, 0x11, 0x37, 0x00, 0x08, 0x00, 0x0f, 0x48, 0x11, 0x37, 0x00, 0x80, 0x00, 0xf0, 0x48, 0x51, 0x37, 0x00, 0x18, 0x00, 0x7f, 0x48, 0xd1, 0x36, 0xff, 0xff, 0x01, 0x00, 0x48, 0x11, 0x00, 0xff, 0xff, 0x00, 0x08, 0x48, 0x11, 0x00, 0xff, 0xff, 0x1f, 0x00, 0x08, 0x00, 0x3c, 0x00, 0x0b, 0x00, 0xff, 0x08, 0x40, 0x3c, 0x00, 0x0f, 0x00, 0xff, 0x08, 0x80, 0x3c, 0x00, 0x13, 0x00, 0xff, 0x08, 0xc0, 0x3c, 0x00, 0x17, 0x00, 0xff, 0x08, 0x80, 0x26, 0xaa, 0xff, 0xff, 0x01, 0x00, 0x00, 0x28, 0x00, 0x00, 0x00, 0x40, 0x28, 0x00, 0x00, 0x08, 0x80, 0x28, 0x00, 0x00, 0x5f, 0x00, 0x00, 0x9d, 0x2c, 0x0f, 0x00, 0x40, 0x9a, 0x2c, 0x40, 0x00, 0x00, 0x00, 0x28, 0x00, 0x00, 0x00, 0x40, 0x28, 0x00, 0x00, 0x08, 0x80, 0x28, 0x00, 0x00, 0x1f, 0x00, 0x08, 0xc0, 0x28, 0x00, 0x00, 0x02, 0x00, 0x00, 0x95, 0x2c, 0x0f, 0x00, 0x40, 0x92, 0x2c, 0x40, 0x00, 0x00, 0x00, 0x28, 0x00, 0x00, 0x00, 0x40, 0x28, 0x00, 0x00, 0x08, 0x80, 0x28, 0x00, 0x00, 0x1f, 0x00, 0x08, 0xc0, 0x28, 0x00, 0x00, 0x40, 0x00, 0x00, 0x8d, 0x2c, 0x0f, 0x00, 0x40, 0x8a, 0x2c, 0x40, 0x00, 0x00, 0x00, 0x28, 0x00, 0x00, 0x00, 0x40, 0x28, 0x00, 0x00, 0x08, 0x80, 0x28, 0x00, 0x00, 0x1f, 0x00, 0x08, 0xc0, 0x28, 0x00, 0x00, 0x00, 0x08, 0x00, 0x85, 0x2c, 0x0f, 0x00, 0x40, 0x82, 0x2c, 0x40, 0x00, 0x00, 0x00, 0x29, 0xff, 0xff, 0x00, 0x40, 0x29, 0xff, 0xff, 0x00, 0x80, 0x29, 0xff, 0xff, 0x00, 0xc0, 0x29, 0xff, 0xff, 0x00, 0x00, 0x27, 0xff, 0xff, 0x00, 0x80, 0x27, 0xff, 0xff, 0x00, 0x00, 0x29, 0xff, 0xff, 0x00, 0x40, 0x29, 0xff, 0xff, 0x00, 0x80, 0x29, 0xff, 0xff, 0x00, 0xc0, 0x29, 0xff, 0xff, 0x00, 0x00, 0x27, 0xff, 0xff, 0x00, 0x80, 0x27, 0xff, 0xff, 0x08, 0x80, 0x2b, 0x1f, 0x00, 0x1f, 0x00, 0x08, 0x80, 0x26, 0xff, 0xff, 0x00, 0x02, 0x48, 0x00, 0x1c, 0x5b, 0x00, 0xff, 0x00, 0x48, 0xc0, 0x1a, 0xff, 0xff, 0x01, 0x00, 0x68, 0x42,
	//GPIO framesync setting
	0x52, 0x4c, 0x1c, 0xc8, 0x01, 0x07, 0x00, 0x00, 0x40, 0x00, 0x0d, 0x0a, 0x00, 0x00, 0x00, 0xc8, 0x01, 0x07, 0x00, 0x00, 0x40, 0x00, 0x0d, 0x0a, 0x00, 0x00, 0x00, 0xc8, 0x01, 0x07, 0x00, 0x00, 0x40, 0x00, 0xc8, 0x41, 0x07, 0x00, 0x00, 0x40, 0x00, 0x0d, 0x0a, 0x00, 0x00, 0x00, 0xc8, 0x41, 0x07, 0x00, 0x00, 0x40, 0x00, 0x0d, 0x0a, 0x00, 0x00, 0x00, 0xc8, 0x41, 0x07, 0x00, 0x00, 0x40, 0x00, 0x48, 0xd1, 0x3f, 0x00, 0x00, 0x03, 0x00, 0x08, 0xc0, 0x3d, 0xff, 0xff, 0x00, 0x80, 0x48, 0x51, 0x19, 0x00, 0x00, 0x1f, 0x00, 0x48, 0x51, 0x19, 0x00, 0x00, 0xe0, 0x03, 0x48, 0x91, 0x19, 0x00, 0x00, 0x1f, 0x00, 0x48, 0x91, 0x19, 0x00, 0x00, 0xe0, 0x03, 0x48, 0x91, 0x1a, 0xff, 0xff, 0x01, 0x00, 0x48, 0x91, 0x1a, 0xff, 0xff, 0x02, 0x00, 0x48, 0x91, 0x1a, 0xff, 0xff, 0x04, 0x00, 0x48, 0x91, 0x1a, 0xff, 0xff, 0x08, 0x00, 0x48, 0xd1, 0x1a, 0xff, 0xff, 0x01, 0x00, 0x48, 0xd1, 0x1a, 0xff, 0xff, 0x00, 0x02, 0x48, 0xd1, 0x1a, 0xff, 0xff, 0x00, 0x04, 0x48, 0xd1, 0x1a, 0xff, 0xff, 0x00, 0x08, 0x48, 0xd1, 0x1a, 0xff, 0xff, 0x00, 0x10, 0x48, 0x91, 0x1b, 0x01, 0x00, 0x03, 0x00, 0x48, 0x91, 0x1b, 0x04, 0x00, 0x0c, 0x00, 0x48, 0x91, 0x1b, 0x10, 0x00, 0x30, 0x00, 0x48, 0x91, 0x1b, 0x40, 0x00, 0xc0, 0x00, 0x48, 0xd1, 0x1b, 0x01, 0x00, 0x0f, 0x00, 0x48, 0x11, 0x1c, 0x20, 0x00, 0xf0, 0x00, 0x48, 0x51, 0x1c, 0x00, 0x03, 0x00, 0x0f, 0x48, 0x91, 0x1c, 0x00, 0x40, 0x00, 0xf0, 0x48, 0xd1, 0x1d, 0xff, 0xff, 0x01, 0x00, 0x48, 0xd1, 0x1d, 0xff, 0xff, 0x20, 0x00, 0x48, 0xd1, 0x1d, 0xff, 0xff, 0x00, 0x04, 0x48, 0xd1, 0x1d, 0xff, 0xff, 0x00, 0x80, 0x48, 0x51, 0x1e, 0x01, 0x00, 0x0f, 0x00, 0x48, 0x51, 0x1e, 0x20, 0x00, 0xf0, 0x00, 0x48, 0x51, 0x1e, 0x00, 0x03, 0x00, 0x0f, 0x48, 0x51, 0x1e, 0x00, 0x40, 0x00, 0xf0, 0x48, 0x11, 0x00, 0xff, 0xff, 0x5f, 0x00, 0x48, 0x11, 0x20, 0x04, 0x00, 0x1f, 0x00, 0x48, 0x11, 0x20, 0x60, 0x00, 0xe0, 0x03, 0x48, 0x51, 0x20, 0x02, 0x00, 0x1f, 0x00, 0x48, 0x51, 0x20, 0x20, 0x00, 0xe0, 0x03, 0x40, 0x11, 0x21, 0x50, 0x05, 0x40, 0x51, 0x21, 0x50, 0x05, 0x40, 0x91, 0x21, 0x50, 0x05, 0x40, 0xd1, 0x21, 0x50, 0x05, 0x48, 0x11, 0x23, 0xff, 0xff, 0x01, 0x00, 0x48, 0x11, 0x23, 0xff, 0xff, 0x02, 0x00, 0x48, 0x11, 0x23, 0xff, 0xff, 0x04, 0x00, 0x48, 0x11, 0x23, 0xff, 0xff, 0x08, 0x00, 0x40, 0x91, 0x23, 0x00, 0x00, 0x40, 0xd1, 0x23, 0x00, 0x00, 0x40, 0x11, 0x24, 0x00, 0x00, 0x40, 0x51, 0x24, 0x00, 0x00, 0x48, 0x11, 0x00, 0xff, 0xff, 0x1f, 0x02, 0x48, 0x51, 0x23, 0xff, 0xff, 0x00, 0xff, 0x48, 0xc0, 0x26, 0x02, 0x00, 0xff, 0x00, 0x48, 0x80, 0x1a, 0xff, 0xff, 0x04, 0x00, 0x48, 0x80, 0x26, 0x00, 0x02, 0x00, 0xff, 0x48, 0x80, 0x1a, 0xff, 0xff, 0x04, 0x00, 0x48, 0x80, 0x26, 0x0a, 0x00, 0xff, 0x00, 0x48, 0x80, 0x1a, 0xff, 0xff, 0x00, 0x04, 0x48, 0x40, 0x26, 0x00, 0x0a, 0x00, 0xff, 0x48, 0x80, 0x1a, 0xff, 0xff, 0x00, 0x04, 0x71, 0x8c,
};

// select tx0 sensor
const uint8_t select_tx0_sensor[11] = {
	0x52,0x74,0x08,0xd8,0x24,0x01,0x00,0x3f,0x00,0x3c,0x0c,
};

// select tx1 sensor
const uint8_t select_tx1_sensor[11] = {
	0x52,0x74,0x08,0xd8,0x24,0x02,0x00,0x3f,0x00,0x19,0xc1,
};

// select tx2 sensor
const uint8_t select_tx2_sensor[11] = {
	0x52,0x74,0x08,0xd8,0x24,0x03,0x00,0x3f,0x00,0x05,0x7a,
};

// select tx3 sensor
const uint8_t select_tx3_sensor[11] = {
	0x52,0x74,0x08,0xd8,0x24,0x04,0x00,0x3f,0x00,0x52,0x5b,
};

const uint8_t mipi0_on[] = {
	// mipi on cmd 4 port
	0x52, 0x2c, 0x04, 0x88, 0x9e, 0x00, 0x0f, 0x00, 0x0f, 0x00, 0x88, 0x9e, 0x00, 0xff, 0xff, 0x00, 0x06, 0x88, 0x9e, 0x00, 0xff, 0xff, 0x00, 0x18, 0x0d, 0x4c, 0x04, 0x00, 0x00, 0x08, 0x1e, 0x00, 0xff, 0xff, 0x02, 0x00, 0x08, 0x9e, 0x00, 0x00, 0x00, 0x00, 0x01, 0x0d, 0x32, 0x00, 0x00, 0x00, 0x08, 0x1e, 0x00, 0xff, 0xff, 0x08, 0x00, 0x48, 0x5d, 0x00, 0xff, 0xff, 0x1f, 0xf0, 0x48, 0x1d, 0x00, 0xff, 0xff, 0xe1, 0x03, 0xfd, 0x87,
};

const uint8_t mipi0_off[] = {
	// mipi0 off 4 port
	0x52, 0x3c, 0x02, 0x48, 0x5d, 0x00, 0x00, 0x00, 0x10, 0x00, 0x08, 0x1e, 0x00, 0x00, 0x00, 0x02, 0x00, 0x08, 0x1e, 0x00, 0x00, 0x00, 0x08, 0x00, 0x88, 0x9e, 0x00, 0x00, 0x00, 0x0f, 0x00, 0x88, 0x9e, 0x00, 0x00, 0x00, 0x00, 0x06, 0xcd, 0xca,
};

static uint32_t sc132gs_linear_init_1088x1280_30fps_setting_master[] = {
	0x0103,0x01,
	0x0100,0x00,
	0x36e9,0x80,
	0x36f9,0x80,
	0x3018,0x12,
	0x3019,0x0e,
	0x301a,0xb4,
	0x301f,0x45,
	0x3032,0x60,
	0x3038,0x44,
	0x3200,0x00,
	0x3201,0x02,  // 3200  3201  Active column start
	0x3202,0x00,
	0x3203,0x02,  // 3202  3203  Active row start
	0x3204,0x04,
	0x3205,0x55,  // 3204  3205  Active column end
	0x3206,0x05,
	0x3207,0x15,  // 3206  3207  Active row  end
#ifdef WIDTH
	0x3208,0x04,
	0x3209,0x40,
	0x320a,0x05,
	0x320b,0x00,
	0x3210,0x00,
	0x3211,0x0a,
	0x3212,0x00,
	0x3213,0x0c,  // Align the optical center with the physical center
#endif
	0x320c,0x02,
	0x320d,0xee,
	0x320e,0x05,
	0x320f,0x78,
	0x3250,0xcc,
	0x3251,0x02,
	0x3252,0x05,
	0x3253,0x73,
	0x3254,0x05,
	0x3255,0x3b,
	0x3306,0x78,
	0x330a,0x00,
	0x330b,0xc8,
	0x330f,0x24,
	0x3314,0x80,
	0x3315,0x40,
	0x3317,0xf0,
	0x331f,0x12,
	0x3364,0x00,
	0x3385,0x41,
	0x3387,0x41,
	0x3389,0x09,
	0x33ab,0x00,
	0x33ac,0x00,
	0x33b1,0x03,
	0x33b2,0x12,
	0x33f8,0x02,
	0x33fa,0x01,
	0x3409,0x08,
	0x34f0,0xc0,
	0x34f1,0x20,
	0x34f2,0x03,
	0x3622,0xf5,
	0x3630,0x5c,
	0x3631,0x80,
	0x3632,0xc8,
	0x3633,0x32,
	0x3638,0x2a,
	0x3639,0x07,
	0x363b,0x48,
	0x363c,0x83,
	0x363d,0x10,
	0x36ea,0x37,
	0x36eb,0x04,
	0x36ec,0x03,
	0x36ed,0x24,
	0x36fa,0x2b,
	0x36fb,0x0b,
	0x36fc,0x01,
	0x36fd,0x34,
	0x3900,0x11,
	0x3901,0x05,
	0x3902,0xc5,
	0x3904,0x04,
	0x3908,0x91,
	0x391e,0x00,
	0x3e01,0x57,
	0x3e02,0x00,
	0x3e09,0x20,
	0x3e0e,0xd2,
	0x3e14,0xb0,
	0x3e1e,0x7c,
	0x3e26,0x20,
	0x4418,0x38,
	0x4503,0x10,
	0x4837,0x0f,
	0x5000,0x0e,
	0x540c,0x51,
	0x550f,0x38,
	0x5780,0x67,
	0x5784,0x10,
	0x5785,0x06,
	0x5787,0x02,
	0x5788,0x00,
	0x5789,0x00,
	0x578a,0x02,
	0x578b,0x00,
	0x578c,0x00,
	0x5790,0x00,
	0x5791,0x00,
	0x5792,0x00,
	0x5793,0x00,
	0x5794,0x00,
	0x5795,0x00,
	0x5799,0x04,
	//exp 10ms
	0x3e01,0x32,
	0x3e02,0x80,

	0x36e9,0x24,
	0x36f9,0x50,
	0x0100,0x01,
};

static uint32_t sc132gs_linear_init_1088x1280_30fps_setting_slave[] = {
	0x0103,0x01,
	0x0100,0x00,
	0x36e9,0x80,
	0x36f9,0x80,
	0x3018,0x12,
	0x3019,0x0e,
	0x301a,0xb4,
	0x301f,0x45,
	0x3032,0x60,
	0x3038,0x44,
	0x3200,0x00,
	0x3201,0x02,  // 3200  3201  Active column start
	0x3202,0x00,
	0x3203,0x02,  // 3202  3203  Active row start
	0x3204,0x04,
	0x3205,0x55,  // 3204  3205  Active column end
	0x3206,0x05,
	0x3207,0x15,  // 3206  3207  Active row  end
#ifdef WIDTH
	0x3208,0x04,
	0x3209,0x40,
	0x320a,0x05,
	0x320b,0x00,
	0x3210,0x00,
	0x3211,0x0a,
	0x3212,0x00,
	0x3213,0x0c,  // Align the optical center with the physical center
#endif
	0x320c,0x02,
	0x320d,0xee,
	0x320e,0x05,
	0x320f,0x78,
	0x3250,0xcc,
	0x3251,0x02,
	0x3252,0x05,
	0x3253,0x73,
	0x3254,0x05,
	0x3255,0x3b,
	0x3306,0x78,
	0x330a,0x00,
	0x330b,0xc8,
	0x330f,0x24,
	0x3314,0x80,
	0x3315,0x40,
	0x3317,0xf0,
	0x331f,0x12,
	0x3364,0x00,
	0x3385,0x41,
	0x3387,0x41,
	0x3389,0x09,
	0x33ab,0x00,
	0x33ac,0x00,
	0x33b1,0x03,
	0x33b2,0x12,
	0x33f8,0x02,
	0x33fa,0x01,
	0x3409,0x08,
	0x34f0,0xc0,
	0x34f1,0x20,
	0x34f2,0x03,
	0x3622,0xf5,
	0x3630,0x5c,
	0x3631,0x80,
	0x3632,0xc8,
	0x3633,0x32,
	0x3638,0x2a,
	0x3639,0x07,
	0x363b,0x48,
	0x363c,0x83,
	0x363d,0x10,
	0x36ea,0x37,
	0x36eb,0x04,
	0x36ec,0x03,
	0x36ed,0x24,
	0x36fa,0x2b,
	0x36fb,0x0b,
	0x36fc,0x01,
	0x36fd,0x34,
	0x3900,0x11,
	0x3901,0x05,
	0x3902,0xc5,
	0x3904,0x04,
	0x3908,0x91,
	0x391e,0x00,
	0x3e01,0x57,
	0x3e02,0x00,
	0x3e09,0x20,
	0x3e0e,0xd2,
	0x3e14,0xb0,
	0x3e1e,0x7c,
	0x3e26,0x20,
	0x4418,0x38,
	0x4503,0x10,
	0x4837,0x0f,
	0x5000,0x0e,
	0x540c,0x51,
	0x550f,0x38,
	0x5780,0x67,
	0x5784,0x10,
	0x5785,0x06,
	0x5787,0x02,
	0x5788,0x00,
	0x5789,0x00,
	0x578a,0x02,
	0x578b,0x00,
	0x578c,0x00,
	0x5790,0x00,
	0x5791,0x00,
	0x5792,0x00,
	0x5793,0x00,
	0x5794,0x00,
	0x5795,0x00,
	0x5799,0x04,
#ifdef TRIGGER
	// singel frame slave
	0x3222,0x02,
	0x3223,0x48,
	0x3226,0x08,
	0x3227,0x08,
	0x3217,0x00,
	0x3218,0x00,
	0x322b,0x0b,
	0x320e,0x3f,
	0x320f,0xff,
	0x3225,0x04,
	0x300a,0x62,
#endif
	//exp 10ms
	0x3e01,0x32,
	0x3e02,0x80,

	0x36e9,0x24,
	0x36f9,0x50,
	0x0100,0x01,  // stream on
};

static uint32_t sc132gs_stream_on_setting[] = {
	0x0100,0x01,
};

static uint32_t sc132gs_stream_off_setting[] = {
	0x0100,0x00,
};

static uint32_t sc132gs_gain_lut[] = {
	0x0320,
	0x0321,
	0x0321,
	0x0322,
	0x0323,
	0x0324,
	0x0324,
	0x0325,
	0x0326,
	0x0327,
	0x0328,
	0x0329,
	0x0329,
	0x032A,
	0x032B,
	0x032C,
	0x032D,
	0x032E,
	0x032F,
	0x0330,
	0x0331,
	0x0332,
	0x0334,
	0x0335,
	0x0336,
	0x0337,
	0x0338,
	0x0339,
	0x2320,
	0x2321,
	0x2322,
	0x2323,
	0x2323,
	0x2324,
	0x2325,
	0x2326,
	0x2327,
	0x2327,
	0x2328,
	0x2329,
	0x232A,
	0x232B,
	0x232C,
	0x232D,
	0x232E,
	0x232F,
	0x2330,
	0x2331,
	0x2332,
	0x2333,
	0x2334,
	0x2335,
	0x2336,
	0x2338,
	0x2339,
	0x233A,
	0x233B,
	0x233D,
	0x233E,
	0x233F,
	0x2720,
	0x2721,
	0x2722,
	0x2723,
	0x2723,
	0x2724,
	0x2725,
	0x2726,
	0x2727,
	0x2727,
	0x2728,
	0x2729,
	0x272A,
	0x272B,
	0x272C,
	0x272D,
	0x272E,
	0x272F,
	0x2730,
	0x2731,
	0x2732,
	0x2733,
	0x2734,
	0x2735,
	0x2736,
	0x2738,
	0x2739,
	0x273A,
	0x273B,
	0x273D,
	0x273E,
	0x273F,
	0x2F20,
	0x2F21,
	0x2F22,
	0x2F23,
	0x2F23,
	0x2F24,
	0x2F25,
	0x2F26,
	0x2F27,
	0x2F27,
	0x2F28,
	0x2F29,
	0x2F2A,
	0x2F2B,
	0x2F2C,
	0x2F2D,
	0x2F2E,
	0x2F2F,
	0x2F30,
	0x2F31,
	0x2F32,
	0x2F33,
	0x2F34,
	0x2F35,
	0x2F36,
	0x2F38,
	0x2F39,
	0x2F3A,
	0x2F3B,
	0x2F3D,
	0x2F3E,
	0x2F3F,
	0x3F20,
	0x3F21,
	0x3F22,
	0x3F23,
	0x3F23,
	0x3F24,
	0x3F25,
	0x3F26,
	0x3F27,
	0x3F27,
	0x3F28,
	0x3F29,
	0x3F2A,
	0x3F2B,
	0x3F2C,
	0x3F2D,
	0x3F2E,
	0x3F2F,
	0x3F30,
	0x3F31,
	0x3F32,
	0x3F33,
	0x3F34,
	0x3F35,
	0x3F36,
	0x3F38,
	0x3F39,
	0x3F3A,
	0x3F3B,
	0x3F3D,
	0x3F3E,
	0X3F3F,
};

static uint32_t sc132gs_dgain_lut[] = {
	0x0080,
	0x0084,
	0x0084,
	0x0088,
	0x008C,
	0x0090,
	0x0090,
	0x0094,
	0x0098,
	0x009C,
	0x00A0,
	0x00A4,
	0x00A4,
	0x00A8,
	0x00AC,
	0x00B0,
	0x00B4,
	0x00B8,
	0x00BC,
	0x00C0,
	0x00C4,
	0x00C8,
	0x00D0,
	0x00D4,
	0x00D8,
	0x00DC,
	0x00E0,
	0x00E4,
	0x00EC,
	0x00F0,
	0x00F4,
	0x00FC,
	0x0180,//2.0x
	0x0184,
	0x0184,
	0x0188,
	0x018C,
	0x0190,
	0x0190,
	0x0194,
	0x0198,
	0x019C,
	0x01A0,
	0x01A4,
	0x01A4,
	0x01A8,
	0x01AC,
	0x01B0,
	0x01B4,
	0x01B8,
	0x01BC,
	0x01C0,
	0x01C4,
	0x01C8,
	0x01D0,
	0x01D4,
	0x01D8,
	0x01DC,
	0x01E0,
	0x01E4,
	0x01EC,
	0x01F0,
	0x01F4,
	0x01FC,
	0x0380,//4.0x
	0x0384,
	0x0384,
	0x0388,
	0x038C,
	0x0390,
	0x0390,
	0x0394,
	0x0398,
	0x039C,
	0x03A0,
	0x03A4,
	0x03A4,
	0x03A8,
	0x03AC,
	0x03B0,
	0x03B4,
	0x03B8,
	0x03BC,
	0x03C0,
	0x03C4,
	0x03C8,
	0x03D0,
	0x03D4,
	0x03D8,
	0x03DC,
	0x03E0,
	0x03E4,
	0x03EC,
	0x03F0,
	0x03F4,
	0x03FC,
	0x0780,//8.0x
	0x0784,
	0x0784,
	0x0788,
	0x078C,
	0x0790,
	0x0790,
	0x0794,
	0x0798,
	0x079C,
	0x07A0,
	0x07A4,
	0x07A4,
	0x07A8,
	0x07AC,
	0x07B0,
	0x07B4,
	0x07B8,
	0x07BC,
	0x07C0,
	0x07C4,
	0x07C8,
	0x07CC,
	0x07D4,
	0x07D8,
	0x07DC,
	0x07E0,
	0x07E4,
	0x07EC,
	0x07F0,
	0x07F4,
	0x07FC,
	0x0F80,//16.x
	0x0F84,
	0x0F84,
	0x0F88,
	0x0F8C,
	0x0F90,
	0x0F94,
	0x0F98,
	0x0F9C,
	0x0FA0,
	0x0FA4,
	0x0FA4,
	0x0FA8,
	0x0FAC,
	0x0FB0,
	0x0FB4,
	0x0FB8,
	0x0FBC,
	0x0FC0,
	0x0FC4,
	0x0FC8,
	0x0FD0,
	0x0FD4,
	0x0FD8,
	0x0FDC,
	0x0FE0,
	0x0FE4,
	0x0FEC,
	0x0FF0,
	0x0FF4,
	0x0FFC,
};

#ifdef __cplusplus
}
#endif

#endif  // UTILITY_SENSOR_INC_SC132GSSTD_SETTING_H_
